"Mean size of fish (centimeter) by Age class (year). Class i designates interval [i,i+1[."
"Time","Age","AtlanticHerring","AtlanticMackerel","BlackSeaBass","Scup","SpinyDogfish","StripedBass","Goosefish","Haddock","WinterFlounder","Squids","Flounders","SkateRays","Hakes","Benthopelagics","MiscellaneousDemersals","ShallowDemersal","WhitePerch","AtlanticTomcod"
1.0,0.0,1.1704105,14.113461,1.5026029,1.1936417,36.545048,17.373255,3.0688784,2.669847,19.984392,1.2308699,28.92184,10.794152,9.986088,8.946529,16.753262,9.490499,1.930924,2.468987
1.0,2.0,19.430243,35.106068,31.203619,19.65285,55.49018,56.23388,42.448086,28.471401,41.314453,NaN,127.87318,32.623997,32.903275,NaN,35.847378,24.239908,12.376144,24.174463
1.0,4.0,25.008083,38.89327,41.225277,26.187262,67.17506,71.676575,64.052246,37.84204,44.49874,NaN,135.67642,41.205387,39.55067,NaN,37.66237,27.786745,16.650475,NaN
1.0,6.0,27.710098,40.702602,47.504356,30.348341,76.84703,81.45377,81.13184,NaN,45.234997,NaN,136.76775,47.08419,42.5271,NaN,38.396732,29.08205,20.015125,NaN
1.0,8.0,29.172087,41.38307,51.10341,33.166775,84.7564,88.34626,95.33269,NaN,45.436966,NaN,136.95544,50.882923,43.828796,NaN,NaN,29.620785,22.832273,NaN
1.0,10.0,29.99389,41.73428,NaN,35.084225,91.27874,92.844826,106.742294,NaN,45.484367,NaN,136.99101,53.382523,44.419758,NaN,NaN,29.757622,25.037567,NaN
1.0,12.0,30.465664,41.881084,NaN,36.348274,96.487885,95.871414,116.086525,NaN,45.49595,NaN,136.99794,54.60221,44.689312,NaN,NaN,NaN,26.813484,NaN
1.0,14.0,30.664474,41.94547,NaN,37.174725,100.755104,97.89101,123.825195,NaN,45.498905,NaN,NaN,NaN,NaN,NaN,NaN,NaN,28.29209,NaN
1.0,16.0,NaN,41.977627,NaN,37.75584,104.26388,99.25032,130.14444,NaN,45.49975,NaN,NaN,NaN,NaN,NaN,NaN,NaN,NaN,NaN
1.0,18.0,NaN,41.98917,NaN,38.142628,107.12068,100.1573,135.30568,NaN,NaN,NaN,NaN,NaN,NaN,NaN,NaN,NaN,NaN,NaN
1.0,20.0,NaN,NaN,NaN,NaN,109.442604,100.77211,139.53088,NaN,NaN,NaN,NaN,NaN,NaN,NaN,NaN,NaN,NaN,NaN
1.0,22.0,NaN,NaN,NaN,NaN,111.38913,101.15268,143.03001,NaN,NaN,NaN,NaN,NaN,NaN,NaN,NaN,NaN,NaN,NaN
1.0,24.0,NaN,NaN,NaN,NaN,112.95902,101.42675,145.85052,NaN,NaN,NaN,NaN,NaN,NaN,NaN,NaN,NaN,NaN,NaN
1.0,26.0,NaN,NaN,NaN,NaN,114.22029,NaN,148.19984,NaN,NaN,NaN,NaN,NaN,NaN,NaN,NaN,NaN,NaN,NaN
1.0,28.0,NaN,NaN,NaN,NaN,115.288826,NaN,150.12225,NaN,NaN,NaN,NaN,NaN,NaN,NaN,NaN,NaN,NaN,NaN
1.0,30.0,NaN,NaN,NaN,NaN,116.137276,NaN,NaN,NaN,NaN,NaN,NaN,NaN,NaN,NaN,NaN,NaN,NaN,NaN
1.0,32.0,NaN,NaN,NaN,NaN,116.832275,NaN,NaN,NaN,NaN,NaN,NaN,NaN,NaN,NaN,NaN,NaN,NaN,NaN
1.0,34.0,NaN,NaN,NaN,NaN,117.41298,NaN,NaN,NaN,NaN,NaN,NaN,NaN,NaN,NaN,NaN,NaN,NaN,NaN
1.0,36.0,NaN,NaN,NaN,NaN,117.87975,NaN,NaN,NaN,NaN,NaN,NaN,NaN,NaN,NaN,NaN,NaN,NaN,NaN
1.0,38.0,NaN,NaN,NaN,NaN,118.26727,NaN,NaN,NaN,NaN,NaN,NaN,NaN,NaN,NaN,NaN,NaN,NaN,NaN
1.0,40.0,NaN,NaN,NaN,NaN,NaN,NaN,NaN,NaN,NaN,NaN,NaN,NaN,NaN,NaN,NaN,NaN,NaN,NaN
2.0,0.0,2.5255861,12.599896,1.5469508,1.730974,48.054497,6.914022,3.4761016,18.477833,14.755869,4.7754393,50.58283,6.808529,15.283885,11.062207,20.721905,13.779089,1.9555285,2.3925023
2.0,2.0,19.466993,41.050728,41.699883,NaN,58.334175,70.752815,51.01227,NaN,50.59972,NaN,79.01098,38.546753,NaN,NaN,37.331787,14.701208,14.280058,30.179571
2.0,4.0,NaN,40.263706,46.58269,30.082039,69.8092,79.62483,70.9624,NaN,47.090298,NaN,137.282,45.730522,NaN,NaN,38.261303,29.179903,19.522345,NaN
2.0,6.0,28.396967,41.46029,50.720047,32.596134,78.43727,87.22478,84.93883,NaN,45.571575,NaN,137.21742,49.93885,NaN,NaN,38.721333,29.646347,20.743748,NaN
2.0,8.0,29.9865,41.738533,52.800045,34.63265,86.3633,92.13454,98.49769,NaN,45.520645,NaN,137.05278,52.42183,NaN,NaN,NaN,29.779327,24.439245,NaN
2.0,10.0,NaN,NaN,NaN,36.19307,92.73776,95.41138,109.679756,NaN,45.502735,NaN,137.01189,54.310505,NaN,NaN,NaN,29.857342,NaN,NaN
2.0,12.0,30.68093,41.944637,NaN,36.87703,97.772575,97.59158,118.72342,NaN,45.50154,NaN,137.00348,55.281185,NaN,NaN,NaN,NaN,28.143415,NaN
2.0,14.0,NaN,41.97209,NaN,37.45005,101.75645,99.03451,126.1225,NaN,45.50002,NaN,NaN,NaN,NaN,NaN,NaN,NaN,29.01626,NaN
2.0,16.0,NaN,NaN,NaN,37.98617,105.143845,100.01626,132.255,NaN,45.500004,NaN,NaN,NaN,NaN,NaN,NaN,NaN,NaN,NaN
2.0,18.0,NaN,NaN,NaN,38.336838,107.89782,100.66557,137.1677,NaN,NaN,NaN,NaN,NaN,NaN,NaN,NaN,NaN,NaN,NaN
2.0,20.0,NaN,NaN,NaN,NaN,110.06508,101.091125,141.00668,NaN,NaN,NaN,NaN,NaN,NaN,NaN,NaN,NaN,NaN,NaN
2.0,22.0,NaN,NaN,NaN,NaN,111.88429,101.37003,144.37355,NaN,NaN,NaN,NaN,NaN,NaN,NaN,NaN,NaN,NaN,NaN
2.0,24.0,NaN,NaN,NaN,NaN,113.41853,101.58437,146.97998,NaN,NaN,NaN,NaN,NaN,NaN,NaN,NaN,NaN,NaN,NaN
2.0,26.0,NaN,NaN,NaN,NaN,114.58922,101.649216,149.10121,NaN,NaN,NaN,NaN,NaN,NaN,NaN,NaN,NaN,NaN,NaN
2.0,28.0,NaN,NaN,NaN,NaN,115.58446,NaN,150.88867,NaN,NaN,NaN,NaN,NaN,NaN,NaN,NaN,NaN,NaN,NaN
2.0,30.0,NaN,NaN,NaN,NaN,116.41014,NaN,NaN,NaN,NaN,NaN,NaN,NaN,NaN,NaN,NaN,NaN,NaN,NaN
2.0,32.0,NaN,NaN,NaN,NaN,117.03722,NaN,NaN,NaN,NaN,NaN,NaN,NaN,NaN,NaN,NaN,NaN,NaN,NaN
2.0,34.0,NaN,NaN,NaN,NaN,117.588646,NaN,NaN,NaN,NaN,NaN,NaN,NaN,NaN,NaN,NaN,NaN,NaN,NaN
2.0,36.0,NaN,NaN,NaN,NaN,118.01876,NaN,NaN,NaN,NaN,NaN,NaN,NaN,NaN,NaN,NaN,NaN,NaN,NaN
2.0,38.0,NaN,NaN,NaN,NaN,118.39745,NaN,NaN,NaN,NaN,NaN,NaN,NaN,NaN,NaN,NaN,NaN,NaN,NaN
2.0,40.0,NaN,NaN,NaN,NaN,NaN,NaN,NaN,NaN,NaN,NaN,NaN,NaN,NaN,NaN,NaN,NaN,NaN,NaN
3.0,0.0,3.9533486,13.746675,NaN,1.8746318,28.202524,4.934041,4.579232,NaN,4.888163,4.4126945,13.00267,6.6428514,NaN,NaN,10.035065,1.9473045,5.387307,2.498358
3.0,2.0,8.146293,37.229725,NaN,21.927471,58.13692,84.709335,22.944487,NaN,52.063156,NaN,62.73875,44.952644,NaN,NaN,32.605614,16.324612,19.560299,41.549004
3.0,4.0,NaN,42.460876,NaN,NaN,72.36099,89.28124,72.51457,NaN,55.929,NaN,137.13191,50.40699,NaN,NaN,39.445087,NaN,NaN,NaN
3.0,6.0,NaN,NaN,NaN,NaN,79.97325,93.837166,87.509674,NaN,NaN,NaN,137.82285,52.933136,NaN,NaN,39.125847,NaN,NaN,NaN
3.0,8.0,NaN,NaN,NaN,NaN,87.53146,96.7574,99.122856,NaN,NaN,NaN,137.21689,54.44437,NaN,NaN,NaN,NaN,NaN,NaN
3.0,10.0,NaN,NaN,NaN,NaN,94.00981,98.53851,110.45491,NaN,NaN,NaN,137.04405,55.5132,NaN,NaN,NaN,NaN,NaN,NaN
3.0,12.0,NaN,NaN,NaN,NaN,98.79197,99.67444,119.61168,NaN,NaN,NaN,137.01198,56.313866,NaN,NaN,NaN,NaN,NaN,NaN
3.0,14.0,NaN,NaN,NaN,NaN,102.664345,100.45698,127.109695,NaN,NaN,NaN,NaN,NaN,NaN,NaN,NaN,NaN,NaN,NaN
3.0,16.0,NaN,NaN,NaN,NaN,105.95809,100.949524,133.41983,NaN,NaN,NaN,NaN,NaN,NaN,NaN,NaN,NaN,NaN,NaN
3.0,18.0,NaN,NaN,NaN,NaN,108.59643,101.298836,138.2746,NaN,NaN,NaN,NaN,NaN,NaN,NaN,NaN,NaN,NaN,NaN
3.0,20.0,NaN,NaN,NaN,NaN,110.711525,101.51572,142.05756,NaN,NaN,NaN,NaN,NaN,NaN,NaN,NaN,NaN,NaN,NaN
3.0,22.0,NaN,NaN,NaN,NaN,112.32051,101.675644,145.31467,NaN,NaN,NaN,NaN,NaN,NaN,NaN,NaN,NaN,NaN,NaN
3.0,24.0,NaN,NaN,NaN,NaN,113.800735,101.776245,147.91838,NaN,NaN,NaN,NaN,NaN,NaN,NaN,NaN,NaN,NaN,NaN
3.0,26.0,NaN,NaN,NaN,NaN,114.98903,101.851234,149.857,NaN,NaN,NaN,NaN,NaN,NaN,NaN,NaN,NaN,NaN,NaN
3.0,28.0,NaN,NaN,NaN,NaN,115.85509,NaN,151.5096,NaN,NaN,NaN,NaN,NaN,NaN,NaN,NaN,NaN,NaN,NaN
3.0,30.0,NaN,NaN,NaN,NaN,116.66981,NaN,NaN,NaN,NaN,NaN,NaN,NaN,NaN,NaN,NaN,NaN,NaN,NaN
3.0,32.0,NaN,NaN,NaN,NaN,117.27557,NaN,NaN,NaN,NaN,NaN,NaN,NaN,NaN,NaN,NaN,NaN,NaN,NaN
3.0,34.0,NaN,NaN,NaN,NaN,117.73162,NaN,NaN,NaN,NaN,NaN,NaN,NaN,NaN,NaN,NaN,NaN,NaN,NaN
3.0,36.0,NaN,NaN,NaN,NaN,118.158,NaN,NaN,NaN,NaN,NaN,NaN,NaN,NaN,NaN,NaN,NaN,NaN,NaN
3.0,38.0,NaN,NaN,NaN,NaN,118.51468,NaN,NaN,NaN,NaN,NaN,NaN,NaN,NaN,NaN,NaN,NaN,NaN,NaN
3.0,40.0,NaN,NaN,NaN,NaN,NaN,NaN,NaN,NaN,NaN,NaN,NaN,NaN,NaN,NaN,NaN,NaN,NaN,NaN
4.0,0.0,4.0246534,11.429855,NaN,2.0881963,28.465317,6.451615,5.827923,NaN,7.465237,4.420695,17.741076,6.572626,NaN,NaN,10.384827,1.9215847,4.2174077,2.8942404
4.0,2.0,6.927308,31.007656,NaN,23.00096,63.80042,94.00073,25.461988,NaN,55.203415,NaN,61.996517,NaN,NaN,NaN,38.083145,19.807264,NaN,42.849285
4.0,4.0,NaN,51.108097,NaN,NaN,74.5553,99.44365,NaN,NaN,59.991592,NaN,87.163864,NaN,NaN,NaN,46.009052,42.95821,NaN,NaN
4.0,6.0,NaN,NaN,NaN,NaN,82.461845,101.691025,89.90215,NaN,NaN,NaN,138.6728,57.15576,NaN,NaN,NaN,NaN,NaN,NaN
4.0,8.0,NaN,NaN,NaN,NaN,88.59548,102.28643,99.76286,NaN,NaN,NaN,137.51831,56.817238,NaN,NaN,NaN,NaN,NaN,NaN
4.0,10.0,NaN,NaN,NaN,NaN,95.38179,102.2994,110.10451,NaN,NaN,NaN,137.10966,57.10144,NaN,NaN,NaN,NaN,NaN,NaN
4.0,12.0,NaN,NaN,NaN,NaN,100.25108,102.23317,119.09765,NaN,NaN,NaN,137.03041,57.424778,NaN,NaN,NaN,NaN,NaN,NaN
4.0,14.0,NaN,NaN,NaN,NaN,103.68495,102.15963,126.996735,NaN,NaN,NaN,NaN,NaN,NaN,NaN,NaN,NaN,NaN,NaN
4.0,16.0,NaN,NaN,NaN,NaN,106.855896,102.12415,133.76808,NaN,NaN,NaN,NaN,NaN,NaN,NaN,NaN,NaN,NaN,NaN
4.0,18.0,NaN,NaN,NaN,NaN,109.3891,102.06713,138.95105,NaN,NaN,NaN,NaN,NaN,NaN,NaN,NaN,NaN,NaN,NaN
4.0,20.0,NaN,NaN,NaN,NaN,111.39639,102.033875,142.93607,NaN,NaN,NaN,NaN,NaN,NaN,NaN,NaN,NaN,NaN,NaN
4.0,22.0,NaN,NaN,NaN,NaN,112.915474,102.01349,145.86598,NaN,NaN,NaN,NaN,NaN,NaN,NaN,NaN,NaN,NaN,NaN
4.0,24.0,NaN,NaN,NaN,NaN,114.179634,102.01539,148.6329,NaN,NaN,NaN,NaN,NaN,NaN,NaN,NaN,NaN,NaN,NaN
4.0,26.0,NaN,NaN,NaN,NaN,115.426216,102.03065,150.51102,NaN,NaN,NaN,NaN,NaN,NaN,NaN,NaN,NaN,NaN,NaN
4.0,28.0,NaN,NaN,NaN,NaN,116.22244,NaN,152.0518,NaN,NaN,NaN,NaN,NaN,NaN,NaN,NaN,NaN,NaN,NaN
4.0,30.0,NaN,NaN,NaN,NaN,116.9249,NaN,NaN,NaN,NaN,NaN,NaN,NaN,NaN,NaN,NaN,NaN,NaN,NaN
4.0,32.0,NaN,NaN,NaN,NaN,117.53263,NaN,NaN,NaN,NaN,NaN,NaN,NaN,NaN,NaN,NaN,NaN,NaN,NaN
4.0,34.0,NaN,NaN,NaN,NaN,117.95922,NaN,NaN,NaN,NaN,NaN,NaN,NaN,NaN,NaN,NaN,NaN,NaN,NaN
4.0,36.0,NaN,NaN,NaN,NaN,118.31324,NaN,NaN,NaN,NaN,NaN,NaN,NaN,NaN,NaN,NaN,NaN,NaN,NaN
4.0,38.0,NaN,NaN,NaN,NaN,118.63925,NaN,NaN,NaN,NaN,NaN,NaN,NaN,NaN,NaN,NaN,NaN,NaN,NaN
4.0,40.0,NaN,NaN,NaN,NaN,NaN,NaN,NaN,NaN,NaN,NaN,NaN,NaN,NaN,NaN,NaN,NaN,NaN,NaN
5.0,0.0,3.2264736,9.889277,NaN,2.62764,28.18445,7.86683,6.525531,NaN,7.173767,4.4531274,21.555708,6.671232,NaN,NaN,10.751574,2.3224332,8.754133,1.8178358
5.0,2.0,6.8612924,32.117996,NaN,15.53135,NaN,105.22931,25.671652,NaN,51.07563,NaN,91.531586,NaN,NaN,NaN,50.856472,NaN,NaN,39.85577
5.0,4.0,11.501609,38.77335,NaN,NaN,73.280975,108.735,32.98829,NaN,59.855297,NaN,66.53478,NaN,NaN,NaN,45.044937,44.075897,NaN,NaN
5.0,6.0,NaN,NaN,NaN,NaN,84.97038,110.02059,88.32692,NaN,60.611374,NaN,138.33209,60.33163,NaN,NaN,NaN,NaN,NaN,NaN
5.0,8.0,NaN,NaN,NaN,NaN,90.44207,108.60747,101.27737,NaN,NaN,NaN,138.03886,59.218166,NaN,NaN,NaN,NaN,NaN,NaN
5.0,10.0,NaN,NaN,NaN,NaN,96.52496,106.956314,109.6194,NaN,NaN,NaN,137.26222,58.706882,NaN,NaN,NaN,NaN,NaN,NaN
5.0,12.0,NaN,NaN,NaN,NaN,101.90964,105.33685,118.289,NaN,NaN,NaN,137.06715,59.134247,NaN,NaN,NaN,NaN,NaN,NaN
5.0,14.0,NaN,NaN,NaN,NaN,105.224144,104.23052,126.03569,NaN,NaN,NaN,NaN,NaN,NaN,NaN,NaN,NaN,NaN,NaN
5.0,16.0,NaN,NaN,NaN,NaN,107.81887,103.53742,133.15962,NaN,NaN,NaN,NaN,NaN,NaN,NaN,NaN,NaN,NaN,NaN
5.0,18.0,NaN,NaN,NaN,NaN,110.42698,102.998055,139.12239,NaN,NaN,NaN,NaN,NaN,NaN,NaN,NaN,NaN,NaN,NaN
5.0,20.0,NaN,NaN,NaN,NaN,112.33724,102.73923,143.3412,NaN,NaN,NaN,NaN,NaN,NaN,NaN,NaN,NaN,NaN,NaN
5.0,22.0,NaN,NaN,NaN,NaN,113.701164,102.447845,146.37181,NaN,NaN,NaN,NaN,NaN,NaN,NaN,NaN,NaN,NaN,NaN
5.0,24.0,NaN,NaN,NaN,NaN,114.769875,102.314766,149.04527,NaN,NaN,NaN,NaN,NaN,NaN,NaN,NaN,NaN,NaN,NaN
5.0,26.0,NaN,NaN,NaN,NaN,115.88306,102.202705,151.15594,NaN,NaN,NaN,NaN,NaN,NaN,NaN,NaN,NaN,NaN,NaN
5.0,28.0,NaN,NaN,NaN,NaN,116.68583,NaN,152.52219,NaN,NaN,NaN,NaN,NaN,NaN,NaN,NaN,NaN,NaN,NaN
5.0,30.0,NaN,NaN,NaN,NaN,117.27856,NaN,NaN,NaN,NaN,NaN,NaN,NaN,NaN,NaN,NaN,NaN,NaN,NaN
5.0,32.0,NaN,NaN,NaN,NaN,117.83465,NaN,NaN,NaN,NaN,NaN,NaN,NaN,NaN,NaN,NaN,NaN,NaN,NaN
5.0,34.0,NaN,NaN,NaN,NaN,118.26818,NaN,NaN,NaN,NaN,NaN,NaN,NaN,NaN,NaN,NaN,NaN,NaN,NaN
5.0,36.0,NaN,NaN,NaN,NaN,118.495155,NaN,NaN,NaN,NaN,NaN,NaN,NaN,NaN,NaN,NaN,NaN,NaN,NaN
5.0,38.0,NaN,NaN,NaN,NaN,118.80931,NaN,NaN,NaN,NaN,NaN,NaN,NaN,NaN,NaN,NaN,NaN,NaN,NaN
5.0,40.0,NaN,NaN,NaN,NaN,NaN,NaN,NaN,NaN,NaN,NaN,NaN,NaN,NaN,NaN,NaN,NaN,NaN,NaN
6.0,0.0,2.8920417,9.236846,NaN,1.8487803,28.266562,8.8041,6.010147,NaN,8.092496,4.3352346,19.839537,6.964715,NaN,NaN,11.075283,1.8385813,NaN,3.7444806
6.0,2.0,7.026613,40.685726,NaN,15.729788,NaN,74.713585,26.156054,NaN,48.413013,NaN,98.20624,NaN,NaN,NaN,52.078823,NaN,NaN,28.4089
6.0,4.0,8.938421,32.20623,NaN,28.806437,77.17704,115.55013,31.871397,NaN,61.281574,NaN,64.4437,NaN,NaN,NaN,46.992435,45.801067,NaN,NaN
6.0,6.0,NaN,56.07755,NaN,NaN,87.33991,118.09114,NaN,NaN,63.63755,NaN,90.277084,NaN,NaN,NaN,49.946022,NaN,NaN,NaN
6.0,8.0,NaN,NaN,NaN,NaN,92.69694,116.404236,102.23682,NaN,NaN,NaN,138.88727,NaN,NaN,NaN,NaN,NaN,NaN,NaN
6.0,10.0,NaN,NaN,NaN,NaN,97.536705,112.39712,110.12899,NaN,NaN,NaN,137.56337,NaN,NaN,NaN,NaN,NaN,NaN,NaN
6.0,12.0,NaN,NaN,NaN,NaN,103.320335,109.125565,117.88525,NaN,NaN,NaN,137.14868,59.095444,NaN,NaN,NaN,NaN,NaN,NaN
6.0,14.0,NaN,NaN,NaN,NaN,106.8784,106.824135,124.8389,NaN,NaN,NaN,NaN,NaN,NaN,NaN,NaN,NaN,NaN,NaN
6.0,16.0,NaN,NaN,NaN,NaN,109.114975,105.276054,132.04712,NaN,NaN,NaN,NaN,NaN,NaN,NaN,NaN,NaN,NaN,NaN
6.0,18.0,NaN,NaN,NaN,NaN,111.37334,104.18115,138.53223,NaN,NaN,NaN,NaN,NaN,NaN,NaN,NaN,NaN,NaN,NaN
6.0,20.0,NaN,NaN,NaN,NaN,113.290565,103.34895,143.23538,NaN,NaN,NaN,NaN,NaN,NaN,NaN,NaN,NaN,NaN,NaN
6.0,22.0,NaN,NaN,NaN,NaN,114.60726,103.00762,146.83835,NaN,NaN,NaN,NaN,NaN,NaN,NaN,NaN,NaN,NaN,NaN
6.0,24.0,NaN,NaN,NaN,NaN,115.4863,102.7315,149.26498,NaN,NaN,NaN,NaN,NaN,NaN,NaN,NaN,NaN,NaN,NaN
6.0,26.0,NaN,NaN,NaN,NaN,116.32714,102.3123,151.6117,NaN,NaN,NaN,NaN,NaN,NaN,NaN,NaN,NaN,NaN,NaN
6.0,28.0,NaN,NaN,NaN,NaN,117.21128,NaN,153.0301,NaN,NaN,NaN,NaN,NaN,NaN,NaN,NaN,NaN,NaN,NaN
6.0,30.0,NaN,NaN,NaN,NaN,117.71513,NaN,NaN,NaN,NaN,NaN,NaN,NaN,NaN,NaN,NaN,NaN,NaN,NaN
6.0,32.0,NaN,NaN,NaN,NaN,118.14772,NaN,NaN,NaN,NaN,NaN,NaN,NaN,NaN,NaN,NaN,NaN,NaN,NaN
6.0,34.0,NaN,NaN,NaN,NaN,118.55731,NaN,NaN,NaN,NaN,NaN,NaN,NaN,NaN,NaN,NaN,NaN,NaN,NaN
6.0,36.0,NaN,NaN,NaN,NaN,118.79067,NaN,NaN,NaN,NaN,NaN,NaN,NaN,NaN,NaN,NaN,NaN,NaN,NaN
6.0,38.0,NaN,NaN,NaN,NaN,118.98669,NaN,NaN,NaN,NaN,NaN,NaN,NaN,NaN,NaN,NaN,NaN,NaN,NaN
6.0,40.0,NaN,NaN,NaN,NaN,NaN,NaN,NaN,NaN,NaN,NaN,NaN,NaN,NaN,NaN,NaN,NaN,NaN,NaN
7.0,0.0,2.6914277,10.098017,NaN,2.7254143,28.570807,10.1534,6.6045117,NaN,8.603925,4.358078,22.287603,NaN,NaN,NaN,12.141488,NaN,NaN,3.8094904
7.0,2.0,6.0225315,51.139694,NaN,17.727161,NaN,77.00734,28.276993,NaN,49.650997,NaN,100.72726,NaN,NaN,NaN,54.534256,NaN,NaN,11.063198
7.0,4.0,8.925068,38.63585,NaN,20.042273,NaN,127.14648,35.350166,NaN,56.507824,NaN,95.44001,NaN,NaN,NaN,54.195923,NaN,NaN,NaN
7.0,6.0,13.780239,60.19433,NaN,NaN,85.007965,124.65342,NaN,NaN,63.061672,NaN,68.52708,NaN,NaN,NaN,49.455807,NaN,NaN,NaN
7.0,8.0,NaN,NaN,NaN,NaN,95.03036,124.275154,NaN,NaN,61.916065,NaN,138.58049,NaN,NaN,NaN,NaN,NaN,NaN,NaN
7.0,10.0,NaN,NaN,NaN,NaN,99.13118,118.63026,111.195946,NaN,NaN,NaN,138.08939,NaN,NaN,NaN,NaN,NaN,NaN,NaN
7.0,12.0,NaN,NaN,NaN,NaN,104.16068,113.86052,117.70348,NaN,NaN,NaN,137.3364,NaN,NaN,NaN,NaN,NaN,NaN,NaN
7.0,14.0,NaN,NaN,NaN,NaN,108.61241,109.972374,123.98412,NaN,NaN,NaN,NaN,NaN,NaN,NaN,NaN,NaN,NaN,NaN
7.0,16.0,NaN,NaN,NaN,NaN,110.77407,107.29546,130.782,NaN,NaN,NaN,NaN,NaN,NaN,NaN,NaN,NaN,NaN,NaN
7.0,18.0,NaN,NaN,NaN,NaN,112.49036,105.705215,137.42368,NaN,NaN,NaN,NaN,NaN,NaN,NaN,NaN,NaN,NaN,NaN
7.0,20.0,NaN,NaN,NaN,NaN,114.28833,104.55743,142.93266,NaN,NaN,NaN,NaN,NaN,NaN,NaN,NaN,NaN,NaN,NaN
7.0,22.0,NaN,NaN,NaN,NaN,115.579124,103.63443,146.78606,NaN,NaN,NaN,NaN,NaN,NaN,NaN,NaN,NaN,NaN,NaN
7.0,24.0,NaN,NaN,NaN,NaN,116.40067,102.881165,149.49463,NaN,NaN,NaN,NaN,NaN,NaN,NaN,NaN,NaN,NaN,NaN
7.0,26.0,NaN,NaN,NaN,NaN,116.95411,NaN,151.7617,NaN,NaN,NaN,NaN,NaN,NaN,NaN,NaN,NaN,NaN,NaN
7.0,28.0,NaN,NaN,NaN,NaN,117.71327,NaN,153.58786,NaN,NaN,NaN,NaN,NaN,NaN,NaN,NaN,NaN,NaN,NaN
7.0,30.0,NaN,NaN,NaN,NaN,118.19997,NaN,NaN,NaN,NaN,NaN,NaN,NaN,NaN,NaN,NaN,NaN,NaN,NaN
7.0,32.0,NaN,NaN,NaN,NaN,118.532455,NaN,NaN,NaN,NaN,NaN,NaN,NaN,NaN,NaN,NaN,NaN,NaN,NaN
7.0,34.0,NaN,NaN,NaN,NaN,118.86017,NaN,NaN,NaN,NaN,NaN,NaN,NaN,NaN,NaN,NaN,NaN,NaN,NaN
7.0,36.0,NaN,NaN,NaN,NaN,119.13116,NaN,NaN,NaN,NaN,NaN,NaN,NaN,NaN,NaN,NaN,NaN,NaN,NaN
7.0,38.0,NaN,NaN,NaN,NaN,119.186264,NaN,NaN,NaN,NaN,NaN,NaN,NaN,NaN,NaN,NaN,NaN,NaN,NaN
7.0,40.0,NaN,NaN,NaN,NaN,NaN,NaN,NaN,NaN,NaN,NaN,NaN,NaN,NaN,NaN,NaN,NaN,NaN,NaN
8.0,0.0,2.585626,10.325845,NaN,2.8383522,28.506256,13.293457,6.5041914,NaN,8.63143,4.432769,23.066631,NaN,NaN,NaN,15.074028,NaN,NaN,3.2800784
8.0,2.0,5.178158,52.66873,NaN,16.441654,NaN,77.712204,31.61682,NaN,53.11873,NaN,98.10072,NaN,NaN,NaN,57.221016,NaN,NaN,9.349916
8.0,4.0,9.156682,57.984653,NaN,19.915573,NaN,94.72378,37.53513,NaN,53.889088,NaN,104.486694,NaN,NaN,NaN,55.419132,NaN,NaN,NaN
8.0,6.0,11.3139715,53.511192,NaN,33.487213,87.95756,130.33923,40.460976,NaN,63.303318,NaN,65.81565,NaN,NaN,NaN,50.752476,NaN,NaN,NaN
8.0,8.0,NaN,NaN,NaN,NaN,97.59435,130.98296,NaN,NaN,64.913734,NaN,93.68599,NaN,NaN,NaN,NaN,NaN,NaN,NaN
8.0,10.0,NaN,NaN,NaN,NaN,101.42203,126.34159,113.42993,NaN,NaN,NaN,138.92755,NaN,NaN,NaN,NaN,NaN,NaN,NaN
8.0,12.0,NaN,NaN,NaN,NaN,104.921844,119.23606,118.3935,NaN,NaN,NaN,137.67764,NaN,NaN,NaN,NaN,NaN,NaN,NaN
8.0,14.0,NaN,NaN,NaN,NaN,109.99496,113.78997,123.825485,NaN,NaN,NaN,NaN,NaN,NaN,NaN,NaN,NaN,NaN,NaN
8.0,16.0,NaN,NaN,NaN,NaN,112.57838,109.994354,129.51036,NaN,NaN,NaN,NaN,NaN,NaN,NaN,NaN,NaN,NaN,NaN
8.0,18.0,NaN,NaN,NaN,NaN,113.93113,107.4935,136.20161,NaN,NaN,NaN,NaN,NaN,NaN,NaN,NaN,NaN,NaN,NaN
8.0,20.0,NaN,NaN,NaN,NaN,115.320435,105.65431,142.19417,NaN,NaN,NaN,NaN,NaN,NaN,NaN,NaN,NaN,NaN,NaN
8.0,22.0,NaN,NaN,NaN,NaN,116.57294,103.8621,146.46393,NaN,NaN,NaN,NaN,NaN,NaN,NaN,NaN,NaN,NaN,NaN
8.0,24.0,NaN,NaN,NaN,NaN,117.34338,103.7245,149.72813,NaN,NaN,NaN,NaN,NaN,NaN,NaN,NaN,NaN,NaN,NaN
8.0,26.0,NaN,NaN,NaN,NaN,117.72888,NaN,151.82155,NaN,NaN,NaN,NaN,NaN,NaN,NaN,NaN,NaN,NaN,NaN
8.0,28.0,NaN,NaN,NaN,NaN,118.213936,NaN,153.93369,NaN,NaN,NaN,NaN,NaN,NaN,NaN,NaN,NaN,NaN,NaN
8.0,30.0,NaN,NaN,NaN,NaN,118.764114,NaN,NaN,NaN,NaN,NaN,NaN,NaN,NaN,NaN,NaN,NaN,NaN,NaN
8.0,32.0,NaN,NaN,NaN,NaN,118.992966,NaN,NaN,NaN,NaN,NaN,NaN,NaN,NaN,NaN,NaN,NaN,NaN,NaN
8.0,34.0,NaN,NaN,NaN,NaN,119.19244,NaN,NaN,NaN,NaN,NaN,NaN,NaN,NaN,NaN,NaN,NaN,NaN,NaN
8.0,36.0,NaN,NaN,NaN,NaN,119.43208,NaN,NaN,NaN,NaN,NaN,NaN,NaN,NaN,NaN,NaN,NaN,NaN,NaN
8.0,38.0,NaN,NaN,NaN,NaN,119.50394,NaN,NaN,NaN,NaN,NaN,NaN,NaN,NaN,NaN,NaN,NaN,NaN,NaN
8.0,40.0,NaN,NaN,NaN,NaN,NaN,NaN,NaN,NaN,NaN,NaN,NaN,NaN,NaN,NaN,NaN,NaN,NaN,NaN
9.0,0.0,2.7662637,12.142254,NaN,3.046097,28.819616,15.371865,5.4619985,NaN,10.774166,4.4877276,30.168362,NaN,NaN,NaN,12.850819,NaN,NaN,3.3269403
9.0,2.0,4.8812485,52.210236,NaN,15.10963,NaN,69.84421,35.17329,NaN,52.979565,NaN,105.92868,NaN,NaN,NaN,59.09152,NaN,NaN,8.638453
9.0,4.0,8.200399,63.066723,NaN,21.682463,NaN,94.08348,40.36465,NaN,54.881958,NaN,104.98687,NaN,NaN,NaN,57.70478,NaN,NaN,NaN
9.0,6.0,11.182641,66.56401,NaN,23.768082,NaN,142.13216,48.957363,NaN,58.42382,NaN,96.528625,NaN,NaN,NaN,56.391262,NaN,NaN,NaN
9.0,8.0,16.237413,71.00679,NaN,NaN,94.89638,135.80136,NaN,NaN,64.20876,NaN,71.85871,NaN,NaN,NaN,NaN,NaN,NaN,NaN
9.0,10.0,NaN,NaN,NaN,NaN,103.628136,133.8018,NaN,NaN,NaN,NaN,138.62033,NaN,NaN,NaN,NaN,NaN,NaN,NaN
9.0,12.0,NaN,NaN,NaN,NaN,106.53576,125.35523,120.32957,NaN,NaN,NaN,138.28223,NaN,NaN,NaN,NaN,NaN,NaN,NaN
9.0,14.0,NaN,NaN,NaN,NaN,110.54865,118.54119,123.89091,NaN,NaN,NaN,NaN,NaN,NaN,NaN,NaN,NaN,NaN,NaN
9.0,16.0,NaN,NaN,NaN,NaN,114.26682,113.12611,128.6939,NaN,NaN,NaN,NaN,NaN,NaN,NaN,NaN,NaN,NaN,NaN
9.0,18.0,NaN,NaN,NaN,NaN,115.52724,109.40167,134.86446,NaN,NaN,NaN,NaN,NaN,NaN,NaN,NaN,NaN,NaN,NaN
9.0,20.0,NaN,NaN,NaN,NaN,116.42484,107.21657,141.0122,NaN,NaN,NaN,NaN,NaN,NaN,NaN,NaN,NaN,NaN,NaN
9.0,22.0,NaN,NaN,NaN,NaN,117.590836,105.759705,146.02855,NaN,NaN,NaN,NaN,NaN,NaN,NaN,NaN,NaN,NaN,NaN
9.0,24.0,NaN,NaN,NaN,NaN,118.31219,NaN,149.5578,NaN,NaN,NaN,NaN,NaN,NaN,NaN,NaN,NaN,NaN,NaN
9.0,26.0,NaN,NaN,NaN,NaN,118.68085,NaN,151.92842,NaN,NaN,NaN,NaN,NaN,NaN,NaN,NaN,NaN,NaN,NaN
9.0,28.0,NaN,NaN,NaN,NaN,118.8242,NaN,153.95914,NaN,NaN,NaN,NaN,NaN,NaN,NaN,NaN,NaN,NaN,NaN
9.0,30.0,NaN,NaN,NaN,NaN,119.27484,NaN,NaN,NaN,NaN,NaN,NaN,NaN,NaN,NaN,NaN,NaN,NaN,NaN
9.0,32.0,NaN,NaN,NaN,NaN,119.50258,NaN,NaN,NaN,NaN,NaN,NaN,NaN,NaN,NaN,NaN,NaN,NaN,NaN
9.0,34.0,NaN,NaN,NaN,NaN,119.59017,NaN,NaN,NaN,NaN,NaN,NaN,NaN,NaN,NaN,NaN,NaN,NaN,NaN
9.0,36.0,NaN,NaN,NaN,NaN,119.734634,NaN,NaN,NaN,NaN,NaN,NaN,NaN,NaN,NaN,NaN,NaN,NaN,NaN
9.0,38.0,NaN,NaN,NaN,NaN,119.85439,NaN,NaN,NaN,NaN,NaN,NaN,NaN,NaN,NaN,NaN,NaN,NaN,NaN
9.0,40.0,NaN,NaN,NaN,NaN,NaN,NaN,NaN,NaN,NaN,NaN,NaN,NaN,NaN,NaN,NaN,NaN,NaN,NaN
10.0,0.0,2.9126694,11.254881,NaN,3.4766183,28.775265,17.552328,6.16474,NaN,13.137652,4.214385,30.064407,NaN,NaN,NaN,9.736953,NaN,NaN,2.9928398
10.0,2.0,4.7933626,55.215538,NaN,11.825352,NaN,66.697655,34.399784,NaN,53.808514,NaN,134.2205,NaN,NaN,NaN,60.782757,NaN,NaN,10.051525
10.0,4.0,7.4451227,61.002834,NaN,20.988731,NaN,95.71095,45.100906,NaN,58.302567,NaN,103.30555,NaN,NaN,NaN,59.714233,NaN,NaN,NaN
10.0,6.0,10.790514,70.366745,NaN,23.70941,NaN,108.959366,48.826584,NaN,55.846855,NaN,106.59343,NaN,NaN,NaN,57.502365,NaN,NaN,NaN
10.0,8.0,12.869492,77.562164,NaN,39.205338,96.84038,140.33623,NaN,NaN,64.406044,NaN,72.43512,NaN,NaN,NaN,NaN,NaN,NaN,NaN
10.0,10.0,NaN,NaN,NaN,NaN,106.1982,139.78273,NaN,NaN,65.733215,NaN,101.76524,NaN,NaN,NaN,NaN,NaN,NaN,NaN
10.0,12.0,NaN,NaN,NaN,NaN,108.64199,133.00514,124.02067,NaN,NaN,NaN,139.18666,NaN,NaN,NaN,NaN,NaN,NaN,NaN
10.0,14.0,NaN,NaN,NaN,NaN,111.3067,123.82579,124.75328,NaN,NaN,NaN,NaN,NaN,NaN,NaN,NaN,NaN,NaN,NaN
10.0,16.0,NaN,NaN,NaN,NaN,115.53124,116.94483,128.70714,NaN,NaN,NaN,NaN,NaN,NaN,NaN,NaN,NaN,NaN,NaN
10.0,18.0,NaN,NaN,NaN,NaN,117.36628,112.19027,133.64857,NaN,NaN,NaN,NaN,NaN,NaN,NaN,NaN,NaN,NaN,NaN
10.0,20.0,NaN,NaN,NaN,NaN,117.90923,108.99697,139.78117,NaN,NaN,NaN,NaN,NaN,NaN,NaN,NaN,NaN,NaN,NaN
10.0,22.0,NaN,NaN,NaN,NaN,118.666214,106.34228,145.2932,NaN,NaN,NaN,NaN,NaN,NaN,NaN,NaN,NaN,NaN,NaN
10.0,24.0,NaN,NaN,NaN,NaN,119.35318,NaN,149.1582,NaN,NaN,NaN,NaN,NaN,NaN,NaN,NaN,NaN,NaN,NaN
10.0,26.0,NaN,NaN,NaN,NaN,119.694595,NaN,152.12225,NaN,NaN,NaN,NaN,NaN,NaN,NaN,NaN,NaN,NaN,NaN
10.0,28.0,NaN,NaN,NaN,NaN,119.63881,NaN,153.89366,NaN,NaN,NaN,NaN,NaN,NaN,NaN,NaN,NaN,NaN,NaN
10.0,30.0,NaN,NaN,NaN,NaN,119.78294,NaN,NaN,NaN,NaN,NaN,NaN,NaN,NaN,NaN,NaN,NaN,NaN,NaN
10.0,32.0,NaN,NaN,NaN,NaN,120.090324,NaN,NaN,NaN,NaN,NaN,NaN,NaN,NaN,NaN,NaN,NaN,NaN,NaN
10.0,34.0,NaN,NaN,NaN,NaN,120.06318,NaN,NaN,NaN,NaN,NaN,NaN,NaN,NaN,NaN,NaN,NaN,NaN,NaN
10.0,36.0,NaN,NaN,NaN,NaN,120.07871,NaN,NaN,NaN,NaN,NaN,NaN,NaN,NaN,NaN,NaN,NaN,NaN,NaN
10.0,38.0,NaN,NaN,NaN,NaN,120.16693,NaN,NaN,NaN,NaN,NaN,NaN,NaN,NaN,NaN,NaN,NaN,NaN,NaN
10.0,40.0,NaN,NaN,NaN,NaN,NaN,NaN,NaN,NaN,NaN,NaN,NaN,NaN,NaN,NaN,NaN,NaN,NaN,NaN
11.0,0.0,3.2460544,8.722056,NaN,3.0592334,28.914337,14.488899,5.5447993,NaN,9.931368,4.7840285,25.533134,NaN,NaN,NaN,8.948364,NaN,NaN,3.2168784
11.0,2.0,5.362814,52.99962,NaN,9.831657,NaN,59.82428,28.401037,NaN,51.46326,NaN,139.13321,NaN,NaN,NaN,62.66693,NaN,NaN,10.468661
11.0,4.0,7.3407125,61.73062,NaN,18.79382,NaN,86.342766,50.33041,NaN,58.310898,NaN,111.53476,NaN,NaN,NaN,62.050083,NaN,NaN,NaN
11.0,6.0,10.353642,68.105354,NaN,25.571508,NaN,106.85395,52.477592,NaN,57.46888,NaN,106.874626,NaN,NaN,NaN,58.928604,NaN,NaN,NaN
11.0,8.0,12.705501,72.22184,NaN,26.094273,NaN,152.07823,60.663967,NaN,59.29155,NaN,102.2647,NaN,NaN,NaN,NaN,NaN,NaN,NaN
11.0,10.0,NaN,NaN,NaN,NaN,103.09275,143.3269,NaN,NaN,65.04555,NaN,84.52468,NaN,NaN,NaN,NaN,NaN,NaN,NaN
11.0,12.0,NaN,NaN,NaN,NaN,110.697174,140.19202,NaN,NaN,NaN,NaN,138.45712,NaN,NaN,NaN,NaN,NaN,NaN,NaN
11.0,14.0,NaN,NaN,NaN,NaN,112.75933,129.86592,126.83775,NaN,NaN,NaN,NaN,NaN,NaN,NaN,NaN,NaN,NaN,NaN
11.0,16.0,NaN,NaN,NaN,NaN,115.91463,121.6714,129.07574,NaN,NaN,NaN,NaN,NaN,NaN,NaN,NaN,NaN,NaN,NaN
11.0,18.0,NaN,NaN,NaN,NaN,119.03672,115.28207,133.06009,NaN,NaN,NaN,NaN,NaN,NaN,NaN,NaN,NaN,NaN,NaN
11.0,20.0,NaN,NaN,NaN,NaN,119.526855,110.869385,138.5156,NaN,NaN,NaN,NaN,NaN,NaN,NaN,NaN,NaN,NaN,NaN
11.0,22.0,NaN,NaN,NaN,NaN,119.83396,108.29077,144.22174,NaN,NaN,NaN,NaN,NaN,NaN,NaN,NaN,NaN,NaN,NaN
11.0,24.0,NaN,NaN,NaN,NaN,120.42962,106.44086,148.69011,NaN,NaN,NaN,NaN,NaN,NaN,NaN,NaN,NaN,NaN,NaN
11.0,26.0,NaN,NaN,NaN,NaN,120.690674,NaN,151.91805,NaN,NaN,NaN,NaN,NaN,NaN,NaN,NaN,NaN,NaN,NaN
11.0,28.0,NaN,NaN,NaN,NaN,120.65286,NaN,153.92499,NaN,NaN,NaN,NaN,NaN,NaN,NaN,NaN,NaN,NaN,NaN
11.0,30.0,NaN,NaN,NaN,NaN,120.42596,NaN,NaN,NaN,NaN,NaN,NaN,NaN,NaN,NaN,NaN,NaN,NaN,NaN
11.0,32.0,NaN,NaN,NaN,NaN,120.617455,NaN,NaN,NaN,NaN,NaN,NaN,NaN,NaN,NaN,NaN,NaN,NaN,NaN
11.0,34.0,NaN,NaN,NaN,NaN,120.594055,NaN,NaN,NaN,NaN,NaN,NaN,NaN,NaN,NaN,NaN,NaN,NaN,NaN
11.0,36.0,NaN,NaN,NaN,NaN,120.48454,NaN,NaN,NaN,NaN,NaN,NaN,NaN,NaN,NaN,NaN,NaN,NaN,NaN
11.0,38.0,NaN,NaN,NaN,NaN,120.48048,NaN,NaN,NaN,NaN,NaN,NaN,NaN,NaN,NaN,NaN,NaN,NaN,NaN
11.0,40.0,NaN,NaN,NaN,NaN,NaN,NaN,NaN,NaN,NaN,NaN,NaN,NaN,NaN,NaN,NaN,NaN,NaN,NaN
12.0,0.0,3.4144914,9.0655985,NaN,3.0930169,28.885685,12.14334,4.6897593,NaN,7.159596,4.94306,20.09872,NaN,NaN,NaN,8.825004,NaN,NaN,3.1391556
12.0,2.0,6.095163,49.95451,NaN,9.072563,NaN,58.4762,27.152718,NaN,49.441456,NaN,130.41483,NaN,NaN,NaN,63.672672,NaN,NaN,10.057983
12.0,4.0,7.8267965,63.60454,NaN,15.395014,NaN,80.03391,50.954247,NaN,60.394978,NaN,141.45042,NaN,NaN,NaN,63.68061,NaN,NaN,NaN
12.0,6.0,11.039948,67.88907,NaN,25.463331,NaN,107.39942,57.906857,NaN,60.17999,NaN,105.84318,NaN,NaN,NaN,60.8409,NaN,NaN,NaN
12.0,8.0,12.233808,73.592606,NaN,26.444767,NaN,118.669365,59.407852,NaN,57.66642,NaN,107.81381,NaN,NaN,NaN,NaN,NaN,NaN,NaN
12.0,10.0,NaN,NaN,NaN,NaN,104.334595,146.96808,NaN,NaN,65.41582,NaN,82.151,NaN,NaN,NaN,NaN,NaN,NaN,NaN
12.0,12.0,NaN,NaN,NaN,NaN,113.211975,145.64731,NaN,NaN,66.6912,NaN,102.49903,NaN,NaN,NaN,NaN,NaN,NaN,NaN
12.0,14.0,NaN,NaN,NaN,NaN,114.69178,137.44861,130.49065,NaN,NaN,NaN,NaN,NaN,NaN,NaN,NaN,NaN,NaN,NaN
12.0,16.0,NaN,NaN,NaN,NaN,116.5872,126.898636,130.01602,NaN,NaN,NaN,NaN,NaN,NaN,NaN,NaN,NaN,NaN,NaN
12.0,18.0,NaN,NaN,NaN,NaN,120.22313,119.08223,133.14035,NaN,NaN,NaN,NaN,NaN,NaN,NaN,NaN,NaN,NaN,NaN
12.0,20.0,NaN,NaN,NaN,NaN,121.42846,113.71602,137.37895,NaN,NaN,NaN,NaN,NaN,NaN,NaN,NaN,NaN,NaN,NaN
12.0,22.0,NaN,NaN,NaN,NaN,121.283966,110.11709,142.93677,NaN,NaN,NaN,NaN,NaN,NaN,NaN,NaN,NaN,NaN,NaN
12.0,24.0,NaN,NaN,NaN,NaN,121.52197,106.80463,147.94684,NaN,NaN,NaN,NaN,NaN,NaN,NaN,NaN,NaN,NaN,NaN
12.0,26.0,NaN,NaN,NaN,NaN,121.724396,NaN,151.4465,NaN,NaN,NaN,NaN,NaN,NaN,NaN,NaN,NaN,NaN,NaN
12.0,28.0,NaN,NaN,NaN,NaN,121.66904,NaN,154.11534,NaN,NaN,NaN,NaN,NaN,NaN,NaN,NaN,NaN,NaN,NaN
12.0,30.0,NaN,NaN,NaN,NaN,121.26212,NaN,NaN,NaN,NaN,NaN,NaN,NaN,NaN,NaN,NaN,NaN,NaN,NaN
12.0,32.0,NaN,NaN,NaN,NaN,121.12925,NaN,NaN,NaN,NaN,NaN,NaN,NaN,NaN,NaN,NaN,NaN,NaN,NaN
12.0,34.0,NaN,NaN,NaN,NaN,121.193115,NaN,NaN,NaN,NaN,NaN,NaN,NaN,NaN,NaN,NaN,NaN,NaN,NaN
12.0,36.0,NaN,NaN,NaN,NaN,120.96222,NaN,NaN,NaN,NaN,NaN,NaN,NaN,NaN,NaN,NaN,NaN,NaN,NaN
12.0,38.0,NaN,NaN,NaN,NaN,120.82438,NaN,NaN,NaN,NaN,NaN,NaN,NaN,NaN,NaN,NaN,NaN,NaN,NaN
12.0,40.0,NaN,NaN,NaN,NaN,NaN,NaN,NaN,NaN,NaN,NaN,NaN,NaN,NaN,NaN,NaN,NaN,NaN,NaN
13.0,0.0,3.0953314,9.91095,NaN,3.2504206,29.174212,11.223943,4.493506,NaN,6.0427876,4.6022553,35.17719,NaN,NaN,NaN,7.751859,NaN,NaN,3.0617812
13.0,2.0,6.660058,48.077755,NaN,9.243278,NaN,54.7282,24.06251,NaN,48.981495,NaN,121.690475,NaN,NaN,NaN,63.824696,NaN,NaN,22.022638
13.0,4.0,8.721644,62.155766,NaN,13.541442,NaN,71.66118,39.4601,NaN,57.364918,NaN,145.5264,NaN,NaN,NaN,64.67393,NaN,NaN,NaN
13.0,6.0,10.526407,72.35546,NaN,23.400185,NaN,95.85682,62.434917,NaN,62.188572,NaN,115.44077,NaN,NaN,NaN,63.88284,NaN,NaN,NaN
13.0,8.0,13.472541,74.743996,NaN,33.08239,NaN,115.18372,61.962963,NaN,60.456497,NaN,107.72398,NaN,NaN,NaN,NaN,NaN,NaN,NaN
13.0,10.0,NaN,75.20753,NaN,NaN,NaN,158.20454,69.8023,NaN,60.34296,NaN,106.610466,NaN,NaN,NaN,NaN,NaN,NaN,NaN
13.0,12.0,NaN,NaN,NaN,NaN,109.902954,148.39572,NaN,NaN,66.512085,NaN,87.19281,NaN,NaN,NaN,NaN,NaN,NaN,NaN
13.0,14.0,NaN,NaN,NaN,NaN,116.689255,144.38187,NaN,NaN,NaN,NaN,NaN,NaN,NaN,NaN,NaN,NaN,NaN,NaN
13.0,16.0,NaN,NaN,NaN,NaN,118.00085,132.87369,131.93109,NaN,NaN,NaN,NaN,NaN,NaN,NaN,NaN,NaN,NaN,NaN
13.0,18.0,NaN,NaN,NaN,NaN,120.47341,123.75116,133.49713,NaN,NaN,NaN,NaN,NaN,NaN,NaN,NaN,NaN,NaN,NaN
13.0,20.0,NaN,NaN,NaN,NaN,123.05836,116.75968,136.8361,NaN,NaN,NaN,NaN,NaN,NaN,NaN,NaN,NaN,NaN,NaN
13.0,22.0,NaN,NaN,NaN,NaN,122.94418,111.9526,141.667,NaN,NaN,NaN,NaN,NaN,NaN,NaN,NaN,NaN,NaN,NaN
13.0,24.0,NaN,NaN,NaN,NaN,122.71252,109.05431,146.87386,NaN,NaN,NaN,NaN,NaN,NaN,NaN,NaN,NaN,NaN,NaN
13.0,26.0,NaN,NaN,NaN,NaN,122.80162,106.89167,150.97186,NaN,NaN,NaN,NaN,NaN,NaN,NaN,NaN,NaN,NaN,NaN
13.0,28.0,NaN,NaN,NaN,NaN,122.699196,NaN,153.80716,NaN,NaN,NaN,NaN,NaN,NaN,NaN,NaN,NaN,NaN,NaN
13.0,30.0,NaN,NaN,NaN,NaN,122.30029,NaN,NaN,NaN,NaN,NaN,NaN,NaN,NaN,NaN,NaN,NaN,NaN,NaN
13.0,32.0,NaN,NaN,NaN,NaN,121.77615,NaN,NaN,NaN,NaN,NaN,NaN,NaN,NaN,NaN,NaN,NaN,NaN,NaN
13.0,34.0,NaN,NaN,NaN,NaN,121.74283,NaN,NaN,NaN,NaN,NaN,NaN,NaN,NaN,NaN,NaN,NaN,NaN,NaN
13.0,36.0,NaN,NaN,NaN,NaN,121.513626,NaN,NaN,NaN,NaN,NaN,NaN,NaN,NaN,NaN,NaN,NaN,NaN,NaN
13.0,38.0,NaN,NaN,NaN,NaN,121.235146,NaN,NaN,NaN,NaN,NaN,NaN,NaN,NaN,NaN,NaN,NaN,NaN,NaN
13.0,40.0,NaN,NaN,NaN,NaN,NaN,NaN,NaN,NaN,NaN,NaN,NaN,NaN,NaN,NaN,NaN,NaN,NaN,NaN
14.0,0.0,4.0746217,8.835175,NaN,3.6476798,28.807306,9.822581,4.322222,NaN,6.2860274,4.730107,73.14554,NaN,NaN,NaN,6.664457,NaN,NaN,3.2991757
14.0,2.0,6.715861,52.53338,NaN,9.308016,NaN,49.793785,21.477674,NaN,52.557186,NaN,117.51592,NaN,NaN,NaN,65.288414,NaN,NaN,28.96179
14.0,4.0,10.007215,61.611164,NaN,13.392777,NaN,69.11844,39.080246,NaN,55.91464,NaN,136.99277,NaN,NaN,NaN,65.083,NaN,NaN,NaN
14.0,6.0,11.649145,68.7549,NaN,18.41741,NaN,87.93575,62.50016,NaN,64.4707,NaN,142.98819,NaN,NaN,NaN,66.16968,NaN,NaN,NaN
14.0,8.0,NaN,76.456505,NaN,30.989489,NaN,114.754036,66.132195,NaN,62.62566,NaN,107.42881,NaN,NaN,NaN,NaN,NaN,NaN,NaN
14.0,10.0,NaN,75.6077,NaN,NaN,NaN,125.33981,68.24047,NaN,60.56493,NaN,108.4991,NaN,NaN,NaN,NaN,NaN,NaN,NaN
14.0,12.0,NaN,NaN,NaN,NaN,110.50359,151.37492,NaN,NaN,67.480934,NaN,121.15922,NaN,NaN,NaN,NaN,NaN,NaN,NaN
14.0,14.0,NaN,NaN,NaN,NaN,119.15964,149.58675,NaN,NaN,68.730896,NaN,NaN,NaN,NaN,NaN,NaN,NaN,NaN,NaN
14.0,16.0,NaN,NaN,NaN,NaN,119.67346,140.38223,134.72932,NaN,NaN,NaN,NaN,NaN,NaN,NaN,NaN,NaN,NaN,NaN
14.0,18.0,NaN,NaN,NaN,NaN,120.94066,128.95116,134.50334,NaN,NaN,NaN,NaN,NaN,NaN,NaN,NaN,NaN,NaN,NaN
14.0,20.0,NaN,NaN,NaN,NaN,124.09392,120.5157,136.83282,NaN,NaN,NaN,NaN,NaN,NaN,NaN,NaN,NaN,NaN,NaN
14.0,22.0,NaN,NaN,NaN,NaN,124.77243,114.7569,140.49916,NaN,NaN,NaN,NaN,NaN,NaN,NaN,NaN,NaN,NaN,NaN
14.0,24.0,NaN,NaN,NaN,NaN,124.11829,110.754166,145.57161,NaN,NaN,NaN,NaN,NaN,NaN,NaN,NaN,NaN,NaN,NaN
14.0,26.0,NaN,NaN,NaN,NaN,123.90116,107.050156,150.15056,NaN,NaN,NaN,NaN,NaN,NaN,NaN,NaN,NaN,NaN,NaN
14.0,28.0,NaN,NaN,NaN,NaN,123.707886,NaN,153.27402,NaN,NaN,NaN,NaN,NaN,NaN,NaN,NaN,NaN,NaN,NaN
14.0,30.0,NaN,NaN,NaN,NaN,123.31216,NaN,NaN,NaN,NaN,NaN,NaN,NaN,NaN,NaN,NaN,NaN,NaN,NaN
14.0,32.0,NaN,NaN,NaN,NaN,122.60735,NaN,NaN,NaN,NaN,NaN,NaN,NaN,NaN,NaN,NaN,NaN,NaN,NaN
14.0,34.0,NaN,NaN,NaN,NaN,122.24623,NaN,NaN,NaN,NaN,NaN,NaN,NaN,NaN,NaN,NaN,NaN,NaN,NaN
14.0,36.0,NaN,NaN,NaN,NaN,122.11842,NaN,NaN,NaN,NaN,NaN,NaN,NaN,NaN,NaN,NaN,NaN,NaN,NaN
14.0,38.0,NaN,NaN,NaN,NaN,121.721054,NaN,NaN,NaN,NaN,NaN,NaN,NaN,NaN,NaN,NaN,NaN,NaN,NaN
14.0,40.0,NaN,NaN,NaN,NaN,NaN,NaN,NaN,NaN,NaN,NaN,NaN,NaN,NaN,NaN,NaN,NaN,NaN,NaN
15.0,0.0,4.4736986,9.423783,NaN,3.4883654,28.525497,9.909254,4.007476,NaN,6.830141,4.814497,17.380478,NaN,NaN,NaN,6.4685397,NaN,NaN,2.3392854
15.0,2.0,7.20801,50.48407,NaN,8.70067,NaN,49.410927,18.495005,NaN,54.876568,NaN,137.24496,NaN,NaN,NaN,68.23749,NaN,NaN,36.20421
15.0,4.0,10.76708,62.628254,NaN,14.127236,NaN,64.86067,36.09057,NaN,55.981747,NaN,129.27435,NaN,NaN,NaN,67.28053,NaN,NaN,NaN
15.0,6.0,12.00522,65.30211,NaN,17.737926,NaN,78.22999,50.155384,NaN,60.718193,NaN,147.1747,NaN,NaN,NaN,65.5684,NaN,NaN,NaN
15.0,8.0,NaN,77.164314,NaN,28.44372,NaN,102.23501,70.463615,NaN,66.635666,NaN,117.04017,NaN,NaN,NaN,NaN,NaN,NaN,NaN
15.0,10.0,NaN,77.194786,NaN,42.41179,NaN,120.86499,69.47468,NaN,67.19896,NaN,108.614525,NaN,NaN,NaN,NaN,NaN,NaN,NaN
15.0,12.0,NaN,NaN,NaN,NaN,NaN,162.73436,76.65236,NaN,62.011063,NaN,107.155136,NaN,NaN,NaN,NaN,NaN,NaN,NaN
15.0,14.0,NaN,NaN,NaN,NaN,115.540215,151.77693,NaN,NaN,69.046555,NaN,NaN,NaN,NaN,NaN,NaN,NaN,NaN,NaN
15.0,16.0,NaN,NaN,NaN,NaN,121.439,147.14088,NaN,NaN,NaN,NaN,NaN,NaN,NaN,NaN,NaN,NaN,NaN,NaN
15.0,18.0,NaN,NaN,NaN,NaN,122.09787,134.89093,136.05731,NaN,NaN,NaN,NaN,NaN,NaN,NaN,NaN,NaN,NaN,NaN
15.0,20.0,NaN,NaN,NaN,NaN,124.16222,125.145164,137.09312,NaN,NaN,NaN,NaN,NaN,NaN,NaN,NaN,NaN,NaN,NaN
15.0,22.0,NaN,NaN,NaN,NaN,126.30238,117.779045,139.90474,NaN,NaN,NaN,NaN,NaN,NaN,NaN,NaN,NaN,NaN,NaN
15.0,24.0,NaN,NaN,NaN,NaN,125.7042,112.68528,144.16617,NaN,NaN,NaN,NaN,NaN,NaN,NaN,NaN,NaN,NaN,NaN
15.0,26.0,NaN,NaN,NaN,NaN,125.01354,109.71055,148.9869,NaN,NaN,NaN,NaN,NaN,NaN,NaN,NaN,NaN,NaN,NaN
15.0,28.0,NaN,NaN,NaN,NaN,124.749275,107.1833,152.7016,NaN,NaN,NaN,NaN,NaN,NaN,NaN,NaN,NaN,NaN,NaN
15.0,30.0,NaN,NaN,NaN,NaN,124.31257,NaN,NaN,NaN,NaN,NaN,NaN,NaN,NaN,NaN,NaN,NaN,NaN,NaN
15.0,32.0,NaN,NaN,NaN,NaN,123.633354,NaN,NaN,NaN,NaN,NaN,NaN,NaN,NaN,NaN,NaN,NaN,NaN,NaN
15.0,34.0,NaN,NaN,NaN,NaN,122.87492,NaN,NaN,NaN,NaN,NaN,NaN,NaN,NaN,NaN,NaN,NaN,NaN,NaN
15.0,36.0,NaN,NaN,NaN,NaN,122.651474,NaN,NaN,NaN,NaN,NaN,NaN,NaN,NaN,NaN,NaN,NaN,NaN,NaN
15.0,38.0,NaN,NaN,NaN,NaN,122.26332,NaN,NaN,NaN,NaN,NaN,NaN,NaN,NaN,NaN,NaN,NaN,NaN,NaN
15.0,40.0,NaN,NaN,NaN,NaN,NaN,NaN,NaN,NaN,NaN,NaN,NaN,NaN,NaN,NaN,NaN,NaN,NaN,NaN
16.0,0.0,6.0151973,7.405496,NaN,3.6526308,28.72238,8.259309,3.9114182,NaN,5.996963,4.503,11.601512,NaN,NaN,NaN,5.343579,NaN,NaN,2.507669
16.0,2.0,7.1169815,50.118877,NaN,9.152129,NaN,42.19603,15.699265,NaN,49.796883,NaN,146.57066,NaN,NaN,NaN,70.5806,NaN,NaN,34.4818
16.0,4.0,10.124824,64.78642,NaN,14.165507,NaN,60.84863,31.793169,NaN,58.262775,NaN,125.38935,NaN,NaN,NaN,68.54817,NaN,NaN,NaN
16.0,6.0,12.945887,63.859116,NaN,16.474741,NaN,74.67913,48.400955,NaN,60.17603,NaN,138.94714,NaN,NaN,NaN,64.39973,NaN,NaN,NaN
16.0,8.0,NaN,70.95268,NaN,27.719978,NaN,93.029236,70.354034,NaN,66.45236,NaN,145.06291,NaN,NaN,NaN,NaN,NaN,NaN,NaN
16.0,10.0,NaN,80.16385,NaN,NaN,NaN,119.8437,72.73949,NaN,66.14372,NaN,108.621086,NaN,NaN,NaN,NaN,NaN,NaN,NaN
16.0,12.0,NaN,78.056595,NaN,NaN,NaN,129.93796,74.49244,NaN,62.7704,NaN,109.99389,NaN,NaN,NaN,NaN,NaN,NaN,NaN
16.0,14.0,NaN,NaN,NaN,NaN,115.453186,154.40721,NaN,NaN,70.28555,NaN,NaN,NaN,NaN,NaN,NaN,NaN,NaN,NaN
16.0,16.0,NaN,NaN,NaN,NaN,123.881645,152.18686,NaN,NaN,70.60185,NaN,NaN,NaN,NaN,NaN,NaN,NaN,NaN,NaN
16.0,18.0,NaN,NaN,NaN,NaN,123.51096,142.33488,139.0533,NaN,NaN,NaN,NaN,NaN,NaN,NaN,NaN,NaN,NaN,NaN
16.0,20.0,NaN,NaN,NaN,NaN,124.401,130.32796,137.79314,NaN,NaN,NaN,NaN,NaN,NaN,NaN,NaN,NaN,NaN,NaN
16.0,22.0,NaN,NaN,NaN,NaN,127.20706,121.470825,139.8085,NaN,NaN,NaN,NaN,NaN,NaN,NaN,NaN,NaN,NaN,NaN
16.0,24.0,NaN,NaN,NaN,NaN,127.47015,115.51015,142.93944,NaN,NaN,NaN,NaN,NaN,NaN,NaN,NaN,NaN,NaN,NaN
16.0,26.0,NaN,NaN,NaN,NaN,126.370125,111.14493,147.55992,NaN,NaN,NaN,NaN,NaN,NaN,NaN,NaN,NaN,NaN,NaN
16.0,28.0,NaN,NaN,NaN,NaN,125.80122,NaN,151.83539,NaN,NaN,NaN,NaN,NaN,NaN,NaN,NaN,NaN,NaN,NaN
16.0,30.0,NaN,NaN,NaN,NaN,125.28458,NaN,NaN,NaN,NaN,NaN,NaN,NaN,NaN,NaN,NaN,NaN,NaN,NaN
16.0,32.0,NaN,NaN,NaN,NaN,124.63694,NaN,NaN,NaN,NaN,NaN,NaN,NaN,NaN,NaN,NaN,NaN,NaN,NaN
16.0,34.0,NaN,NaN,NaN,NaN,123.69832,NaN,NaN,NaN,NaN,NaN,NaN,NaN,NaN,NaN,NaN,NaN,NaN,NaN
16.0,36.0,NaN,NaN,NaN,NaN,123.14729,NaN,NaN,NaN,NaN,NaN,NaN,NaN,NaN,NaN,NaN,NaN,NaN,NaN
16.0,38.0,NaN,NaN,NaN,NaN,122.85656,NaN,NaN,NaN,NaN,NaN,NaN,NaN,NaN,NaN,NaN,NaN,NaN,NaN
16.0,40.0,NaN,NaN,NaN,NaN,NaN,NaN,NaN,NaN,NaN,NaN,NaN,NaN,NaN,NaN,NaN,NaN,NaN,NaN
17.0,0.0,2.253069,5.106727,NaN,3.9211042,28.624117,7.9693546,3.9065366,NaN,6.162222,4.8478236,14.294132,NaN,NaN,NaN,4.5497723,NaN,NaN,3.7029154
17.0,2.0,8.562658,55.259068,NaN,9.088255,NaN,45.502728,13.483925,NaN,51.785965,NaN,139.96425,NaN,NaN,NaN,68.636215,NaN,NaN,36.931095
17.0,4.0,9.77728,63.96911,NaN,12.782134,NaN,62.016685,27.449644,NaN,60.98058,NaN,144.63248,NaN,NaN,NaN,69.81802,NaN,NaN,NaN
17.0,6.0,NaN,64.26241,NaN,19.2906,NaN,70.71677,46.004112,NaN,59.40077,NaN,131.2635,NaN,NaN,NaN,70.75282,NaN,NaN,NaN
17.0,8.0,NaN,66.24207,NaN,NaN,NaN,82.440346,57.988945,NaN,63.29474,NaN,147.31459,NaN,NaN,NaN,NaN,NaN,NaN,NaN
17.0,10.0,NaN,77.09971,NaN,NaN,NaN,106.66283,76.8214,NaN,69.508736,NaN,118.288216,NaN,NaN,NaN,NaN,NaN,NaN,NaN
17.0,12.0,NaN,78.218704,NaN,NaN,NaN,124.93944,75.221,NaN,70.228134,NaN,107.64853,NaN,NaN,NaN,NaN,NaN,NaN,NaN
17.0,14.0,NaN,NaN,NaN,NaN,NaN,165.55928,81.96822,NaN,67.235176,NaN,NaN,NaN,NaN,NaN,NaN,NaN,NaN,NaN
17.0,16.0,NaN,NaN,NaN,NaN,119.989075,154.0511,NaN,NaN,69.77164,NaN,NaN,NaN,NaN,NaN,NaN,NaN,NaN,NaN
17.0,18.0,NaN,NaN,NaN,NaN,125.22682,148.98532,NaN,NaN,NaN,NaN,NaN,NaN,NaN,NaN,NaN,NaN,NaN,NaN
17.0,20.0,NaN,NaN,NaN,NaN,125.405136,136.24292,139.14697,NaN,NaN,NaN,NaN,NaN,NaN,NaN,NaN,NaN,NaN,NaN
17.0,22.0,NaN,NaN,NaN,NaN,127.156975,126.08281,139.9633,NaN,NaN,NaN,NaN,NaN,NaN,NaN,NaN,NaN,NaN,NaN
17.0,24.0,NaN,NaN,NaN,NaN,128.92192,118.463196,142.27582,NaN,NaN,NaN,NaN,NaN,NaN,NaN,NaN,NaN,NaN,NaN
17.0,26.0,NaN,NaN,NaN,NaN,127.95057,113.138954,146.08582,NaN,NaN,NaN,NaN,NaN,NaN,NaN,NaN,NaN,NaN,NaN
17.0,28.0,NaN,NaN,NaN,NaN,126.91603,110.08459,150.60585,NaN,NaN,NaN,NaN,NaN,NaN,NaN,NaN,NaN,NaN,NaN
17.0,30.0,NaN,NaN,NaN,NaN,126.33134,NaN,NaN,NaN,NaN,NaN,NaN,NaN,NaN,NaN,NaN,NaN,NaN,NaN
17.0,32.0,NaN,NaN,NaN,NaN,125.62889,NaN,NaN,NaN,NaN,NaN,NaN,NaN,NaN,NaN,NaN,NaN,NaN,NaN
17.0,34.0,NaN,NaN,NaN,NaN,124.7338,NaN,NaN,NaN,NaN,NaN,NaN,NaN,NaN,NaN,NaN,NaN,NaN,NaN
17.0,36.0,NaN,NaN,NaN,NaN,123.78198,NaN,NaN,NaN,NaN,NaN,NaN,NaN,NaN,NaN,NaN,NaN,NaN,NaN
17.0,38.0,NaN,NaN,NaN,NaN,123.39614,NaN,NaN,NaN,NaN,NaN,NaN,NaN,NaN,NaN,NaN,NaN,NaN,NaN
17.0,40.0,NaN,NaN,NaN,NaN,NaN,NaN,NaN,NaN,NaN,NaN,NaN,NaN,NaN,NaN,NaN,NaN,NaN,NaN
18.0,0.0,2.4410563,4.373963,NaN,3.3710754,28.774532,9.557234,4.053437,NaN,7.7705398,4.5354595,11.11179,NaN,NaN,NaN,5.405865,NaN,NaN,3.0547512
18.0,2.0,10.323456,61.208958,NaN,9.848482,NaN,47.806152,12.923544,NaN,55.59759,NaN,NaN,NaN,NaN,NaN,NaN,NaN,NaN,31.72056
18.0,4.0,9.859194,66.11709,NaN,11.647624,NaN,61.594944,25.317682,NaN,58.033146,NaN,151.59203,NaN,NaN,NaN,NaN,NaN,NaN,NaN
18.0,6.0,NaN,71.87867,NaN,19.35231,NaN,68.080536,39.855095,NaN,60.716984,NaN,128.01897,NaN,NaN,NaN,70.61302,NaN,NaN,NaN
18.0,8.0,NaN,68.209755,NaN,NaN,NaN,78.3337,55.541016,NaN,63.000374,NaN,139.36621,NaN,NaN,NaN,NaN,NaN,NaN,NaN
18.0,10.0,NaN,74.871506,NaN,NaN,NaN,97.06511,77.380806,NaN,67.822784,NaN,145.01758,NaN,NaN,NaN,NaN,NaN,NaN,NaN
18.0,12.0,NaN,NaN,NaN,NaN,NaN,123.54655,78.44794,NaN,67.75451,NaN,109.319534,NaN,NaN,NaN,NaN,NaN,NaN,NaN
18.0,14.0,NaN,NaN,NaN,NaN,NaN,133.36183,79.55694,NaN,75.03715,NaN,NaN,NaN,NaN,NaN,NaN,NaN,NaN,NaN
18.0,16.0,NaN,NaN,NaN,NaN,119.54898,156.49698,NaN,NaN,79.105545,NaN,NaN,NaN,NaN,NaN,NaN,NaN,NaN,NaN
18.0,18.0,NaN,NaN,NaN,NaN,127.815704,153.97464,NaN,NaN,NaN,NaN,NaN,NaN,NaN,NaN,NaN,NaN,NaN,NaN
18.0,20.0,NaN,NaN,NaN,NaN,126.806526,143.65985,NaN,NaN,NaN,NaN,NaN,NaN,NaN,NaN,NaN,NaN,NaN,NaN
18.0,22.0,NaN,NaN,NaN,NaN,127.33882,131.25482,140.65639,NaN,NaN,NaN,NaN,NaN,NaN,NaN,NaN,NaN,NaN,NaN
18.0,24.0,NaN,NaN,NaN,NaN,129.8408,122.11092,142.20642,NaN,NaN,NaN,NaN,NaN,NaN,NaN,NaN,NaN,NaN,NaN
18.0,26.0,NaN,NaN,NaN,NaN,129.74756,116.02807,144.97163,NaN,NaN,NaN,NaN,NaN,NaN,NaN,NaN,NaN,NaN,NaN
18.0,28.0,NaN,NaN,NaN,NaN,128.28275,111.66395,149.22192,NaN,NaN,NaN,NaN,NaN,NaN,NaN,NaN,NaN,NaN,NaN
18.0,30.0,NaN,NaN,NaN,NaN,127.4192,NaN,NaN,NaN,NaN,NaN,NaN,NaN,NaN,NaN,NaN,NaN,NaN,NaN
18.0,32.0,NaN,NaN,NaN,NaN,126.627304,NaN,NaN,NaN,NaN,NaN,NaN,NaN,NaN,NaN,NaN,NaN,NaN,NaN
18.0,34.0,NaN,NaN,NaN,NaN,125.742805,NaN,NaN,NaN,NaN,NaN,NaN,NaN,NaN,NaN,NaN,NaN,NaN,NaN
18.0,36.0,NaN,NaN,NaN,NaN,124.6098,NaN,NaN,NaN,NaN,NaN,NaN,NaN,NaN,NaN,NaN,NaN,NaN,NaN
18.0,38.0,NaN,NaN,NaN,NaN,123.90271,NaN,NaN,NaN,NaN,NaN,NaN,NaN,NaN,NaN,NaN,NaN,NaN,NaN
18.0,40.0,NaN,NaN,NaN,NaN,NaN,NaN,NaN,NaN,NaN,NaN,NaN,NaN,NaN,NaN,NaN,NaN,NaN,NaN
19.0,0.0,3.0902936,4.701771,NaN,3.0278523,28.994307,10.462515,4.3882036,NaN,7.833039,4.5360246,13.054133,NaN,NaN,NaN,6.4805164,NaN,NaN,3.0253265
19.0,2.0,7.8609896,63.565533,NaN,11.298362,NaN,41.602226,12.462874,NaN,51.849598,NaN,NaN,NaN,NaN,NaN,NaN,NaN,NaN,20.758564
19.0,4.0,15.33203,67.97768,NaN,9.758584,NaN,64.720955,20.884132,NaN,60.178223,NaN,142.14417,NaN,NaN,NaN,NaN,NaN,NaN,NaN
19.0,6.0,NaN,72.89993,NaN,15.326348,NaN,69.67823,34.703823,NaN,63.915928,NaN,147.2314,NaN,NaN,NaN,70.80103,NaN,NaN,NaN
19.0,8.0,NaN,NaN,NaN,30.558434,NaN,75.04602,53.63479,NaN,61.291267,NaN,132.8887,NaN,NaN,NaN,NaN,NaN,NaN,NaN
19.0,10.0,NaN,76.24084,NaN,NaN,NaN,85.956505,64.87608,NaN,65.9984,NaN,147.07193,NaN,NaN,NaN,NaN,NaN,NaN,NaN
19.0,12.0,NaN,NaN,NaN,NaN,NaN,110.221825,82.65164,NaN,70.604355,NaN,128.04163,NaN,NaN,NaN,NaN,NaN,NaN,NaN
19.0,14.0,NaN,NaN,NaN,NaN,NaN,127.93751,80.49675,NaN,73.78613,NaN,NaN,NaN,NaN,NaN,NaN,NaN,NaN,NaN
19.0,16.0,NaN,NaN,NaN,NaN,NaN,167.73724,87.13832,NaN,80.76706,NaN,NaN,NaN,NaN,NaN,NaN,NaN,NaN,NaN
19.0,18.0,NaN,NaN,NaN,NaN,123.92519,155.6411,NaN,NaN,NaN,NaN,NaN,NaN,NaN,NaN,NaN,NaN,NaN,NaN
19.0,20.0,NaN,NaN,NaN,NaN,128.58702,150.23769,NaN,NaN,NaN,NaN,NaN,NaN,NaN,NaN,NaN,NaN,NaN,NaN
19.0,22.0,NaN,NaN,NaN,NaN,128.34822,137.15561,141.85632,NaN,NaN,NaN,NaN,NaN,NaN,NaN,NaN,NaN,NaN,NaN
19.0,24.0,NaN,NaN,NaN,NaN,129.69446,126.69442,142.51335,NaN,NaN,NaN,NaN,NaN,NaN,NaN,NaN,NaN,NaN,NaN
19.0,26.0,NaN,NaN,NaN,NaN,131.18047,118.919586,144.54872,NaN,NaN,NaN,NaN,NaN,NaN,NaN,NaN,NaN,NaN,NaN
19.0,28.0,NaN,NaN,NaN,NaN,129.86093,113.48803,147.94049,NaN,NaN,NaN,NaN,NaN,NaN,NaN,NaN,NaN,NaN,NaN
19.0,30.0,NaN,NaN,NaN,NaN,128.53305,NaN,NaN,NaN,NaN,NaN,NaN,NaN,NaN,NaN,NaN,NaN,NaN,NaN
19.0,32.0,NaN,NaN,NaN,NaN,127.67046,NaN,NaN,NaN,NaN,NaN,NaN,NaN,NaN,NaN,NaN,NaN,NaN,NaN
19.0,34.0,NaN,NaN,NaN,NaN,126.737366,NaN,NaN,NaN,NaN,NaN,NaN,NaN,NaN,NaN,NaN,NaN,NaN,NaN
19.0,36.0,NaN,NaN,NaN,NaN,125.64779,NaN,NaN,NaN,NaN,NaN,NaN,NaN,NaN,NaN,NaN,NaN,NaN,NaN
19.0,38.0,NaN,NaN,NaN,NaN,124.538376,NaN,NaN,NaN,NaN,NaN,NaN,NaN,NaN,NaN,NaN,NaN,NaN,NaN
19.0,40.0,NaN,NaN,NaN,NaN,NaN,NaN,NaN,NaN,NaN,NaN,NaN,NaN,NaN,NaN,NaN,NaN,NaN,NaN
20.0,0.0,3.4066663,4.3816085,NaN,3.1932466,29.482573,10.318081,4.361175,NaN,7.0816865,4.45633,16.36658,NaN,NaN,NaN,NaN,NaN,NaN,3.033096
20.0,2.0,6.8444676,NaN,NaN,12.075567,NaN,43.240593,14.0335,NaN,51.52,NaN,NaN,NaN,NaN,NaN,NaN,NaN,NaN,25.048744
20.0,4.0,16.967493,68.75217,NaN,10.317543,NaN,63.00176,22.053246,NaN,65.5324,NaN,NaN,NaN,NaN,NaN,NaN,NaN,NaN,NaN
20.0,6.0,NaN,73.44359,NaN,13.821474,NaN,73.40842,33.297623,NaN,66.31475,NaN,152.72702,NaN,NaN,NaN,NaN,NaN,NaN,NaN
20.0,8.0,NaN,75.12913,NaN,31.595888,NaN,73.51804,49.12847,NaN,62.845,NaN,129.57855,NaN,NaN,NaN,NaN,NaN,NaN,NaN
20.0,10.0,NaN,NaN,NaN,NaN,NaN,82.11187,62.808548,NaN,66.3221,NaN,139.71016,NaN,NaN,NaN,NaN,NaN,NaN,NaN
20.0,12.0,NaN,NaN,NaN,NaN,NaN,100.56034,83.62042,NaN,71.409966,NaN,151.4489,NaN,NaN,NaN,NaN,NaN,NaN,NaN
20.0,14.0,NaN,NaN,NaN,NaN,NaN,126.496086,83.93217,NaN,69.145744,NaN,NaN,NaN,NaN,NaN,NaN,NaN,NaN,NaN
20.0,16.0,NaN,NaN,NaN,NaN,NaN,136.05875,84.2925,NaN,85.096504,NaN,NaN,NaN,NaN,NaN,NaN,NaN,NaN,NaN
20.0,18.0,NaN,NaN,NaN,NaN,123.37411,157.96338,NaN,NaN,NaN,NaN,NaN,NaN,NaN,NaN,NaN,NaN,NaN,NaN
20.0,20.0,NaN,NaN,NaN,NaN,131.38618,155.22905,NaN,NaN,NaN,NaN,NaN,NaN,NaN,NaN,NaN,NaN,NaN,NaN
20.0,22.0,NaN,NaN,NaN,NaN,129.86122,144.55307,NaN,NaN,NaN,NaN,NaN,NaN,NaN,NaN,NaN,NaN,NaN,NaN
20.0,24.0,NaN,NaN,NaN,NaN,129.94104,131.87788,143.0877,NaN,NaN,NaN,NaN,NaN,NaN,NaN,NaN,NaN,NaN,NaN
20.0,26.0,NaN,NaN,NaN,NaN,132.0849,122.541275,144.71928,NaN,NaN,NaN,NaN,NaN,NaN,NaN,NaN,NaN,NaN,NaN
20.0,28.0,NaN,NaN,NaN,NaN,131.69371,116.37416,147.1571,NaN,NaN,NaN,NaN,NaN,NaN,NaN,NaN,NaN,NaN,NaN
20.0,30.0,NaN,NaN,NaN,NaN,129.91136,NaN,NaN,NaN,NaN,NaN,NaN,NaN,NaN,NaN,NaN,NaN,NaN,NaN
20.0,32.0,NaN,NaN,NaN,NaN,128.76852,NaN,NaN,NaN,NaN,NaN,NaN,NaN,NaN,NaN,NaN,NaN,NaN,NaN
20.0,34.0,NaN,NaN,NaN,NaN,127.750885,NaN,NaN,NaN,NaN,NaN,NaN,NaN,NaN,NaN,NaN,NaN,NaN,NaN
20.0,36.0,NaN,NaN,NaN,NaN,126.67242,NaN,NaN,NaN,NaN,NaN,NaN,NaN,NaN,NaN,NaN,NaN,NaN,NaN
20.0,38.0,NaN,NaN,NaN,NaN,125.37638,NaN,NaN,NaN,NaN,NaN,NaN,NaN,NaN,NaN,NaN,NaN,NaN,NaN
20.0,40.0,NaN,NaN,NaN,NaN,NaN,NaN,NaN,NaN,NaN,NaN,NaN,NaN,NaN,NaN,NaN,NaN,NaN,NaN
21.0,0.0,4.1296315,3.9673486,NaN,3.2119813,29.92567,12.230079,4.2648416,NaN,7.83465,4.3686676,33.43899,NaN,NaN,NaN,NaN,NaN,NaN,3.456533
21.0,2.0,6.4622674,NaN,NaN,10.639406,NaN,46.241543,16.06644,NaN,55.11127,NaN,NaN,NaN,NaN,NaN,NaN,NaN,NaN,25.782368
21.0,4.0,10.709384,69.09619,NaN,13.535209,NaN,59.387844,23.06317,NaN,60.522575,NaN,NaN,NaN,NaN,NaN,NaN,NaN,NaN,NaN
21.0,6.0,23.9219,72.38271,NaN,12.680841,NaN,75.44256,27.80178,NaN,68.96632,NaN,142.74965,NaN,NaN,NaN,NaN,NaN,NaN,NaN
21.0,8.0,NaN,76.16991,NaN,18.713268,NaN,76.273895,42.54126,NaN,67.82047,NaN,147.0791,NaN,NaN,NaN,NaN,NaN,NaN,NaN
21.0,10.0,NaN,NaN,NaN,NaN,NaN,79.250305,62.106796,NaN,63.899197,NaN,134.41103,NaN,NaN,NaN,NaN,NaN,NaN,NaN
21.0,12.0,NaN,NaN,NaN,NaN,NaN,89.511566,71.737366,NaN,69.90206,NaN,141.71297,NaN,NaN,NaN,NaN,NaN,NaN,NaN
21.0,14.0,NaN,NaN,NaN,NaN,NaN,113.109566,88.023964,NaN,73.29802,NaN,NaN,NaN,NaN,NaN,NaN,NaN,NaN,NaN
21.0,16.0,NaN,NaN,NaN,NaN,NaN,130.4644,85.026436,NaN,75.22044,NaN,NaN,NaN,NaN,NaN,NaN,NaN,NaN,NaN
21.0,18.0,NaN,NaN,NaN,NaN,NaN,169.33638,92.865654,NaN,NaN,NaN,NaN,NaN,NaN,NaN,NaN,NaN,NaN,NaN
21.0,20.0,NaN,NaN,NaN,NaN,127.60895,156.80278,NaN,NaN,NaN,NaN,NaN,NaN,NaN,NaN,NaN,NaN,NaN,NaN
21.0,22.0,NaN,NaN,NaN,NaN,131.67053,151.09645,NaN,NaN,NaN,NaN,NaN,NaN,NaN,NaN,NaN,NaN,NaN,NaN
21.0,24.0,NaN,NaN,NaN,NaN,131.06459,137.76549,144.38971,NaN,NaN,NaN,NaN,NaN,NaN,NaN,NaN,NaN,NaN,NaN
21.0,26.0,NaN,NaN,NaN,NaN,131.98824,127.12095,145.10982,NaN,NaN,NaN,NaN,NaN,NaN,NaN,NaN,NaN,NaN,NaN
21.0,28.0,NaN,NaN,NaN,NaN,133.167,119.2022,147.1203,NaN,NaN,NaN,NaN,NaN,NaN,NaN,NaN,NaN,NaN,NaN
21.0,30.0,NaN,NaN,NaN,NaN,131.51657,NaN,NaN,NaN,NaN,NaN,NaN,NaN,NaN,NaN,NaN,NaN,NaN,NaN
21.0,32.0,NaN,NaN,NaN,NaN,129.91876,NaN,NaN,NaN,NaN,NaN,NaN,NaN,NaN,NaN,NaN,NaN,NaN,NaN
21.0,34.0,NaN,NaN,NaN,NaN,128.80914,NaN,NaN,NaN,NaN,NaN,NaN,NaN,NaN,NaN,NaN,NaN,NaN,NaN
21.0,36.0,NaN,NaN,NaN,NaN,127.68473,NaN,NaN,NaN,NaN,NaN,NaN,NaN,NaN,NaN,NaN,NaN,NaN,NaN
21.0,38.0,NaN,NaN,NaN,NaN,126.42845,NaN,NaN,NaN,NaN,NaN,NaN,NaN,NaN,NaN,NaN,NaN,NaN,NaN
21.0,40.0,NaN,NaN,NaN,NaN,NaN,NaN,NaN,NaN,NaN,NaN,NaN,NaN,NaN,NaN,NaN,NaN,NaN,NaN
22.0,0.0,4.2238584,4.6599092,NaN,3.0066135,30.209345,11.752345,4.097309,NaN,7.5541506,4.6136284,NaN,NaN,NaN,NaN,NaN,NaN,NaN,2.954952
22.0,2.0,6.971736,NaN,NaN,9.840155,NaN,41.218204,15.776695,NaN,54.11407,NaN,NaN,NaN,NaN,NaN,NaN,NaN,NaN,19.729843
22.0,4.0,10.638112,NaN,NaN,19.470589,NaN,58.145367,23.019783,NaN,58.229347,NaN,NaN,NaN,NaN,NaN,NaN,NaN,NaN,NaN
22.0,6.0,24.186771,76.23277,NaN,16.66822,NaN,74.10427,28.898064,NaN,70.21335,NaN,NaN,NaN,NaN,NaN,NaN,NaN,NaN,NaN
22.0,8.0,NaN,77.333824,NaN,17.981577,NaN,80.51506,40.95347,NaN,70.1281,NaN,152.3805,NaN,NaN,NaN,NaN,NaN,NaN,NaN
22.0,10.0,NaN,79.61739,NaN,NaN,NaN,78.00004,58.164272,NaN,67.89377,NaN,130.65881,NaN,NaN,NaN,NaN,NaN,NaN,NaN
22.0,12.0,NaN,NaN,NaN,NaN,NaN,85.66791,70.24684,NaN,69.485504,NaN,137.16159,NaN,NaN,NaN,NaN,NaN,NaN,NaN
22.0,14.0,NaN,NaN,NaN,NaN,NaN,103.453125,89.57344,NaN,75.85922,NaN,NaN,NaN,NaN,NaN,NaN,NaN,NaN,NaN
22.0,16.0,NaN,NaN,NaN,NaN,NaN,128.84358,88.4026,NaN,69.88457,NaN,NaN,NaN,NaN,NaN,NaN,NaN,NaN,NaN
22.0,18.0,NaN,NaN,NaN,NaN,NaN,138.26811,88.80867,NaN,NaN,NaN,NaN,NaN,NaN,NaN,NaN,NaN,NaN,NaN
22.0,20.0,NaN,NaN,NaN,NaN,126.78562,159.03111,NaN,NaN,NaN,NaN,NaN,NaN,NaN,NaN,NaN,NaN,NaN,NaN
22.0,22.0,NaN,NaN,NaN,NaN,134.5579,156.1055,NaN,NaN,NaN,NaN,NaN,NaN,NaN,NaN,NaN,NaN,NaN,NaN
22.0,24.0,NaN,NaN,NaN,NaN,132.53845,145.17007,NaN,NaN,NaN,NaN,NaN,NaN,NaN,NaN,NaN,NaN,NaN,NaN
22.0,26.0,NaN,NaN,NaN,NaN,132.27391,132.292,145.19574,NaN,NaN,NaN,NaN,NaN,NaN,NaN,NaN,NaN,NaN,NaN
22.0,28.0,NaN,NaN,NaN,NaN,134.052,122.8272,147.74263,NaN,NaN,NaN,NaN,NaN,NaN,NaN,NaN,NaN,NaN,NaN
22.0,30.0,NaN,NaN,NaN,NaN,133.36491,NaN,NaN,NaN,NaN,NaN,NaN,NaN,NaN,NaN,NaN,NaN,NaN,NaN
22.0,32.0,NaN,NaN,NaN,NaN,131.29327,NaN,NaN,NaN,NaN,NaN,NaN,NaN,NaN,NaN,NaN,NaN,NaN,NaN
22.0,34.0,NaN,NaN,NaN,NaN,129.9142,NaN,NaN,NaN,NaN,NaN,NaN,NaN,NaN,NaN,NaN,NaN,NaN,NaN
22.0,36.0,NaN,NaN,NaN,NaN,128.69882,NaN,NaN,NaN,NaN,NaN,NaN,NaN,NaN,NaN,NaN,NaN,NaN,NaN
22.0,38.0,NaN,NaN,NaN,NaN,127.452934,NaN,NaN,NaN,NaN,NaN,NaN,NaN,NaN,NaN,NaN,NaN,NaN,NaN
22.0,40.0,NaN,NaN,NaN,NaN,NaN,NaN,NaN,NaN,NaN,NaN,NaN,NaN,NaN,NaN,NaN,NaN,NaN,NaN
23.0,0.0,2.145097,5.102367,NaN,3.6504936,31.177654,9.836148,3.8701174,NaN,6.4758224,4.766879,NaN,NaN,NaN,NaN,NaN,NaN,NaN,2.775993
23.0,2.0,8.641412,NaN,NaN,10.900931,NaN,40.54382,14.759439,NaN,55.18002,NaN,NaN,NaN,NaN,NaN,NaN,NaN,NaN,28.888155
23.0,4.0,10.082376,NaN,NaN,17.959871,NaN,57.775726,23.54767,NaN,60.535015,NaN,NaN,NaN,NaN,NaN,NaN,NaN,NaN,NaN
23.0,6.0,13.927329,NaN,NaN,24.93892,NaN,70.00991,30.512888,NaN,68.31582,NaN,NaN,NaN,NaN,NaN,NaN,NaN,NaN,NaN
23.0,8.0,NaN,77.026764,NaN,17.151566,NaN,81.68665,32.649136,NaN,72.61002,NaN,142.86401,NaN,NaN,NaN,NaN,NaN,NaN,NaN
23.0,10.0,NaN,79.81974,NaN,NaN,NaN,80.48999,49.936653,NaN,73.3111,NaN,147.17807,NaN,NaN,NaN,NaN,NaN,NaN,NaN
23.0,12.0,NaN,NaN,NaN,NaN,NaN,82.85492,69.16766,NaN,68.48283,NaN,128.82736,NaN,NaN,NaN,NaN,NaN,NaN,NaN
23.0,14.0,NaN,NaN,NaN,NaN,NaN,92.28777,78.318306,NaN,74.503975,NaN,NaN,NaN,NaN,NaN,NaN,NaN,NaN,NaN
23.0,16.0,NaN,NaN,NaN,NaN,NaN,115.28874,92.68957,NaN,80.61183,NaN,NaN,NaN,NaN,NaN,NaN,NaN,NaN,NaN
23.0,18.0,NaN,NaN,NaN,NaN,NaN,132.2508,89.38727,NaN,NaN,NaN,NaN,NaN,NaN,NaN,NaN,NaN,NaN,NaN
23.0,20.0,NaN,NaN,NaN,NaN,NaN,170.40338,96.36367,NaN,NaN,NaN,NaN,NaN,NaN,NaN,NaN,NaN,NaN,NaN
23.0,22.0,NaN,NaN,NaN,NaN,130.65033,157.59294,NaN,NaN,NaN,NaN,NaN,NaN,NaN,NaN,NaN,NaN,NaN,NaN
23.0,24.0,NaN,NaN,NaN,NaN,134.33621,151.68002,NaN,NaN,NaN,NaN,NaN,NaN,NaN,NaN,NaN,NaN,NaN,NaN
23.0,26.0,NaN,NaN,NaN,NaN,133.35004,138.17203,146.01764,NaN,NaN,NaN,NaN,NaN,NaN,NaN,NaN,NaN,NaN,NaN
23.0,28.0,NaN,NaN,NaN,NaN,133.93024,127.408646,148.15244,NaN,NaN,NaN,NaN,NaN,NaN,NaN,NaN,NaN,NaN,NaN
23.0,30.0,NaN,NaN,NaN,NaN,134.834,NaN,NaN,NaN,NaN,NaN,NaN,NaN,NaN,NaN,NaN,NaN,NaN,NaN
23.0,32.0,NaN,NaN,NaN,NaN,132.89813,NaN,NaN,NaN,NaN,NaN,NaN,NaN,NaN,NaN,NaN,NaN,NaN,NaN
23.0,34.0,NaN,NaN,NaN,NaN,131.05736,NaN,NaN,NaN,NaN,NaN,NaN,NaN,NaN,NaN,NaN,NaN,NaN,NaN
23.0,36.0,NaN,NaN,NaN,NaN,129.75444,NaN,NaN,NaN,NaN,NaN,NaN,NaN,NaN,NaN,NaN,NaN,NaN,NaN
23.0,38.0,NaN,NaN,NaN,NaN,128.4653,NaN,NaN,NaN,NaN,NaN,NaN,NaN,NaN,NaN,NaN,NaN,NaN,NaN
23.0,40.0,NaN,NaN,NaN,NaN,NaN,NaN,NaN,NaN,NaN,NaN,NaN,NaN,NaN,NaN,NaN,NaN,NaN,NaN
24.0,0.0,3.294076,6.0172787,NaN,4.3067956,30.791246,9.861829,4.1429505,NaN,7.436459,4.303026,NaN,NaN,NaN,NaN,NaN,NaN,NaN,3.2884343
24.0,2.0,9.229196,NaN,NaN,9.135034,NaN,43.07224,14.117127,NaN,56.12836,NaN,NaN,NaN,NaN,NaN,NaN,NaN,NaN,19.410742
24.0,4.0,11.5452385,NaN,NaN,17.70542,NaN,56.362026,23.783524,NaN,63.47039,NaN,NaN,NaN,NaN,NaN,NaN,NaN,NaN,NaN
24.0,6.0,14.507033,NaN,NaN,22.85692,NaN,66.43729,27.9164,NaN,63.81992,NaN,NaN,NaN,NaN,NaN,NaN,NaN,NaN,NaN
24.0,8.0,NaN,77.3671,NaN,NaN,NaN,81.574844,32.98375,NaN,76.38876,NaN,NaN,NaN,NaN,NaN,NaN,NaN,NaN,NaN
24.0,10.0,NaN,78.289215,NaN,NaN,NaN,84.99299,46.642357,NaN,75.776985,NaN,152.05115,NaN,NaN,NaN,NaN,NaN,NaN,NaN
24.0,12.0,NaN,80.02544,NaN,NaN,NaN,81.55444,64.66991,NaN,73.91768,NaN,130.18823,NaN,NaN,NaN,NaN,NaN,NaN,NaN
24.0,14.0,NaN,NaN,NaN,NaN,NaN,88.322,76.66184,NaN,73.52914,NaN,NaN,NaN,NaN,NaN,NaN,NaN,NaN,NaN
24.0,16.0,NaN,NaN,NaN,NaN,NaN,105.5338,94.0357,NaN,76.15377,NaN,NaN,NaN,NaN,NaN,NaN,NaN,NaN,NaN
24.0,18.0,NaN,NaN,NaN,NaN,NaN,130.56038,92.151566,NaN,NaN,NaN,NaN,NaN,NaN,NaN,NaN,NaN,NaN,NaN
24.0,20.0,NaN,NaN,NaN,NaN,NaN,139.61081,92.27529,NaN,NaN,NaN,NaN,NaN,NaN,NaN,NaN,NaN,NaN,NaN
24.0,22.0,NaN,NaN,NaN,NaN,129.5432,159.7527,NaN,NaN,NaN,NaN,NaN,NaN,NaN,NaN,NaN,NaN,NaN,NaN
24.0,24.0,NaN,NaN,NaN,NaN,137.20569,156.69746,NaN,NaN,NaN,NaN,NaN,NaN,NaN,NaN,NaN,NaN,NaN,NaN
24.0,26.0,NaN,NaN,NaN,NaN,134.77676,145.5907,NaN,NaN,NaN,NaN,NaN,NaN,NaN,NaN,NaN,NaN,NaN,NaN
24.0,28.0,NaN,NaN,NaN,NaN,134.20229,132.56204,147.88808,NaN,NaN,NaN,NaN,NaN,NaN,NaN,NaN,NaN,NaN,NaN
24.0,30.0,NaN,NaN,NaN,NaN,135.71323,NaN,NaN,NaN,NaN,NaN,NaN,NaN,NaN,NaN,NaN,NaN,NaN,NaN
24.0,32.0,NaN,NaN,NaN,NaN,134.74138,NaN,NaN,NaN,NaN,NaN,NaN,NaN,NaN,NaN,NaN,NaN,NaN,NaN
24.0,34.0,NaN,NaN,NaN,NaN,132.43213,NaN,NaN,NaN,NaN,NaN,NaN,NaN,NaN,NaN,NaN,NaN,NaN,NaN
24.0,36.0,NaN,NaN,NaN,NaN,130.85732,NaN,NaN,NaN,NaN,NaN,NaN,NaN,NaN,NaN,NaN,NaN,NaN,NaN
24.0,38.0,NaN,NaN,NaN,NaN,129.47974,NaN,NaN,NaN,NaN,NaN,NaN,NaN,NaN,NaN,NaN,NaN,NaN,NaN
24.0,40.0,NaN,NaN,NaN,NaN,NaN,NaN,NaN,NaN,NaN,NaN,NaN,NaN,NaN,NaN,NaN,NaN,NaN,NaN
